subject_id,stage,probe_index,probe_time,video_time_sec,label,target,interval_sec,sample_count,sample_rate_hz,gaze_x_mean,gaze_x_std,gaze_x_min,gaze_x_q25,gaze_x_median,gaze_x_q75,gaze_x_max,gaze_x_range,gaze_y_mean,gaze_y_std,gaze_y_min,gaze_y_q25,gaze_y_median,gaze_y_q75,gaze_y_max,gaze_y_range,event_duration_ms_mean,event_duration_ms_std,event_duration_ms_min,event_duration_ms_q25,event_duration_ms_median,event_duration_ms_q75,event_duration_ms_max,event_duration_ms_range,saccade_angle_mean,saccade_angle_std,saccade_angle_min,saccade_angle_q25,saccade_angle_median,saccade_angle_q75,saccade_angle_max,saccade_angle_range,valid_gaze_ratio,gaze_step_px_mean,gaze_step_px_std,gaze_step_px_min,gaze_step_px_q25,gaze_step_px_median,gaze_step_px_q75,gaze_step_px_max,gaze_step_px_range,gaze_path_px,saccade_sample_ratio,saccade_count,saccade_rate_per_min,fixation_count,fixation_rate_per_min,fixation_duration_ms_mean,fixation_duration_ms_std,fixation_duration_ms_min,fixation_duration_ms_q25,fixation_duration_ms_median,fixation_duration_ms_q75,fixation_duration_ms_max,fixation_duration_ms_range
Anon01,2,0,2017-04-12T09:28:47.772000+00:00,38.540809,focused,0,39.023,98.0,2.5113394664684927,1220.8163265306123,1362.6608749581121,-3200.0,426.0,1326.0,2145.5,4144.0,7344.0,634.469387755102,446.6441811700837,-337.0,353.0,623.5,817.5,2146.0,2483.0,376.3163260051185,429.610120062882,0.0,159.00003910064652,195.99986076355,219.9999690055845,1957.00001716614,1957.00001716614,8.717177784602198,34.45303887683602,-70.7217519369036,-9.710901488991443,9.69187710140752,28.403986203119224,88.905309408147,159.6270613450506,1.0,1601.8172036053952,1197.983467541115,0.0,713.5271543536378,1328.7987055984063,2248.51439844178,6075.188227536658,6075.188227536658,155376.26874972333,0.9795918367346939,2.0,3.0751095507777464,97.0,149.14281321272068,378.67010254220895,431.1897956310699,0.0,162.000179290771,195.99986076355,220.999956130981,1957.00001716614,1957.00001716614
Anon01,2,1,2017-04-12T09:29:34.224000+00:00,85.0593229256134,focused,0,46.452,118.0,2.5402566089727032,751.4915254237288,1389.7482075673481,-3181.0,113.75,716.5,1714.75,3509.0,6690.0,539.7542372881356,406.07121226602345,-573.0,297.0,589.0,812.0,1858.0,2431.0,407.10169379994045,409.6675471984319,26.9999504089355,171.99999094009374,201.0000944137575,388.999938964844,1259.0000629425,1232.0001125335646,7.609838847908449,35.21246622943669,-84.0620926099539,-11.97560759626675,7.524512364526785,24.972421771242676,84.7150406171092,168.77713322706308,1.0,1674.3968343350543,1083.2522147805046,0.0,781.0409720366788,1450.0610331982582,2319.804302091019,4645.489102344338,4645.489102344338,195904.42961720136,0.9830508474576272,2.0,2.5833118057349522,116.0,149.83208473262724,407.4137930212352,413.17711680459337,26.9999504089355,171.749949455261,200.500011444092,546.499967575073,1259.0000629425,1232.0001125335646
Anon01,2,2,2017-04-12T09:30:35.276000+00:00,146.13896398283387,focused,0,61.052,149.0,2.4405424883705695,913.744966442953,1297.5153858697097,-3195.0,325.0,806.0,1810.0,6043.0,9238.0,572.771812080537,429.58258373963554,-724.0,256.0,619.0,812.0,1645.0,2369.0,418.4362376296281,493.87391376933795,32.9999923706055,180.000066757202,200.999975204468,231.99987411499,2959.00011062622,2926.0001182556143,-0.47797379415338365,33.25705324978829,-86.7247642012772,-18.139612368975,-1.49271181370426,21.0219231652333,79.8343051204573,166.5590693217345,1.0,1535.056515817747,1033.7291551554752,0.0,872.4747084913326,1325.3395791267988,2105.3238432824965,7301.887153332349,7301.887153332349,227188.36434102655,0.959731543624161,4.0,3.931075149053266,143.0,140.53593657865426,416.2237744231324,502.9962752531582,32.9999923706055,179.499864578247,198.000192642212,223.999977111816,2959.00011062622,2926.0001182556143
Anon01,2,3,2017-04-12T09:31:36.727000+00:00,206.331911,focused,0,61.451,151.0,2.457242355698036,1065.2119205298013,1287.7198474127883,-2438.0,334.0,960.0,1853.5,5569.0,8007.0,565.5298013245033,463.0657528861179,-697.0,273.5,619.0,799.5,2723.0,3420.0,402.6953668783829,445.03303230487245,32.0000648498535,177.000045776367,198.999881744385,234.5000505447385,2134.0000629425,2101.9999980926464,2.9430673078785703,35.22064689595074,-84.3470050130029,-15.4164550324095,3.57446190271091,22.90606630058975,89.217319459407,173.5643244724099,1.0,1636.488822839104,1066.360467222982,67.20863039818622,869.3393640041415,1394.5138165158364,2031.7342309841101,6316.988918780846,6249.78028838266,245473.3234258656,0.9602649006622517,5.0,4.881938455029211,145.0,141.57621519584708,406.6896553697255,453.1529801929404,32.0000648498535,174.999952316284,198.999881744385,226.000070571899,2134.0000629425,2101.9999980926464
Anon01,2,4,2017-04-12T09:32:33.103000+00:00,263.93422694659426,focused,0,56.376,146.0,2.589754505463318,760.4589041095891,1307.5823718871527,-3648.0,24.0,697.0,1739.0,4514.0,8162.0,501.67123287671234,455.13504107111856,-674.0,214.0,512.5,752.0,1945.0,2619.0,498.36985705649994,637.2787763797826,34.0001583099365,175.24999380111677,198.49991798400902,1017.499923706055,2892.99988746643,2858.9997291564937,-1.835200247484177,36.63429243379985,-88.5809067777463,-19.141762289267277,-2.1105892480751347,20.509367397335225,80.6279072914209,169.2088140691672,1.0,1573.6662472859991,1032.1632409390984,0.0,815.1392519073045,1404.35928451376,1968.1717404738845,6392.655942564092,6392.655942564092,228181.6058564699,0.952054794520548,3.0,3.1928480204342273,139.0,147.93529161345253,401.9784155509453,451.34250998038385,34.0001583099365,173.500061035156,197.000026702881,225.0000238418575,2892.99988746643,2858.9997291564937
Anon01,2,5,2017-04-12T09:33:34.025000+00:00,323.57275,not_focused,1,60.922,139.0,2.281605987984636,771.5467625899281,1290.6673095450928,-4434.0,72.0,783.0,1520.0,4694.0,9128.0,523.1798561151079,380.86609463204655,-407.0,261.0,545.0,774.5,1823.0,2230.0,435.0287708447133,501.72879563102333,32.0000648498535,182.000160217285,202.000141143799,361.999988555908,2134.0000629425,2101.9999980926464,3.8067834932512907,32.855911192344315,-86.7795921393894,-14.270253624755249,4.39484367275341,15.909538002332699,89.2803807076008,176.0599728469902,1.0,1545.5248996611258,1121.5610958721084,108.90362712049586,838.0899195004127,1332.6155690558398,1867.3952063791428,6864.470627805177,6755.567000684681,213282.43615323535,0.9640287769784173,4.0,3.93946357637635,134.0,131.97202980860774,438.2537283114532,509.42094353176657,32.0000648498535,182.000160217285,201.99990272522,228.50006818771325,2134.0000629425,2101.9999980926464
Anon01,2,6,2017-04-12T09:34:11.537000+00:00,362.089951,focused,0,37.512,89.0,2.3725741096182555,943.0898876404494,1429.0301310734205,-4216.0,185.0,1018.0,1790.0,4386.0,8602.0,550.3258426966293,434.0427094213402,-489.0,299.0,559.0,769.0,1667.0,2156.0,413.79775358050074,516.6247969020328,32.9999923706055,174.999952316284,197.999954223633,226.999998092651,2940.00005722046,2907.0000648498544,-4.723078790853147,37.84025058428551,-81.7028550301631,-30.1065270411584,-0.454718861693143,13.8568833527276,84.3964616323757,166.0993166625388,1.0,1621.1723608339023,1049.9717665533399,137.55726080436466,793.8625562799873,1365.93652973089,2296.1330409469097,4482.656801496184,4345.099540691819,142663.1677533834,0.9550561797752809,3.0,4.798464491362764,85.0,135.95649392194497,414.941179051119,526.7665785908852,32.9999923706055,174.999952316284,197.999954223633,221.999883651733,2940.00005722046,2907.0000648498544
Anon01,1,7,2017-04-12T09:40:29.560000+00:00,41.821216,focused,0,42.453,101.0,2.379101594704732,1025.4653465346535,1125.948608330379,-2471.0,299.0,1064.0,1674.0,5224.0,7695.0,802.039603960396,439.14324600377745,-228.0,515.0,854.0,1090.0,1892.0,2120.0,423.43563608603887,481.0481801397987,0.0,177.999973297119,197.999954223633,384.000062942505,2090.99984169006,2090.99984169006,-0.4399243595657301,36.247753883488706,-87.7275502672171,-27.572300538972,2.55847364545644,21.3179122754616,83.6598082540901,171.3873585213072,1.0,1415.3706971061163,805.4832337009553,81.49846624323675,725.9881447610067,1314.8203828401406,1891.9196765931592,4445.748081032032,4364.249614788795,141537.06971061163,0.9405940594059405,6.0,8.479966080135679,95.0,134.26612960214825,415.8420989387913,464.10913162817667,0.0,178.0000925064085,197.999954223633,300.49991607666,2090.99984169006,2090.99984169006
Anon01,1,8,2017-04-12T09:41:28.162000+00:00,100.62706982833862,focused,0,58.602,211.0,3.6005597078598,1363.39336492891,872.7733601313848,-1733.0,950.5,1425.0,1844.5,4879.0,6612.0,978.7535545023696,398.66424591475203,-358.0,795.0,1051.0,1263.5,1814.0,2172.0,468.161124188753,425.7518983255217,43.9999103546143,192.500114440918,207.99994468689,615.999937057495,2101.99999809265,2058.0000877380357,-3.936142837221359,36.10003108332075,-85.2243541654073,-27.20396453090045,-0.739963631795699,20.4920403857898,87.4482895188375,172.6726436842448,1.0,909.7372229368111,747.5600784669444,93.5200513259055,450.30947759296856,704.3441611053204,1128.5761093583712,5582.434773465786,5488.914722139881,191044.81681673034,0.7393364928909952,20.0,20.47711682195147,156.0,159.72151121122147,351.0384590197832,362.18391807556924,43.9999103546143,186.750054359436,201.499938964844,217.24998950958275,2101.99999809265,2058.0000877380357
Anon01,1,9,2017-04-12T09:42:27.429000+00:00,159.88924984931947,focused,0,59.267,296.0,4.994347613343007,1538.7736486486488,481.6224544494687,266.0,1204.5,1503.0,1875.25,3194.0,2928.0,1154.5067567567567,221.77249715617762,253.0,1028.0,1165.0,1296.75,1983.0,1730.0,600.1013630145301,560.0206147890796,163.999795913696,199.74988698959376,238.4999990463255,778.000116348267,2190.99998474121,2027.000188827514,-4.720658808561651,39.362930778988606,-88.622016753695,-25.5940292459988,-5.06178361822777,21.8265254428858,88.9128343459183,177.5348510996133,1.0,617.8693195543925,376.2955593960533,31.064449134018133,333.5165481762217,565.7464096218375,828.2108544006979,1941.9250757946352,1910.860626660617,182271.44926854578,0.5844594594594594,35.0,35.43287158114971,173.0,175.13962238682572,305.2658952040479,300.3845607698207,163.999795913696,193.000078201294,202.000141143799,216.000080108643,2190.99998474121,2027.000188827514
Anon01,1,10,2017-04-12T09:43:29.020000+00:00,221.46986591989136,not_focused,1,61.591,308.0,5.000730626227858,1256.237012987013,721.5197203208359,-1216.0,801.75,1350.5,1694.5,3140.0,4356.0,1016.6883116883117,292.5508618112418,151.0,831.0,1014.0,1202.5,1850.0,1699.0,453.7792190328818,535.8420448487625,146.000146865845,194.999933242798,204.999923706055,418.999910354614,2407.00006484985,2260.9999179840047,-3.734540911767734,40.722408608603324,-89.7447866343914,-26.871065870287524,-8.83954193371454,15.527472499788125,90.0,179.7447866343914,1.0,853.6657396588364,543.6277500878983,37.12142238654117,452.48534720938625,742.7819330059126,1181.5111236086445,2709.5582665814736,2672.4368441949323,262075.38207526278,0.7467532467532467,26.0,25.328375899076164,231.0,225.03287818025362,251.20779136558636,239.94934772488688,146.000146865845,191.999912261963,200.999975204468,210.999965667725,2407.00006484985,2260.9999179840047
Anon01,1,11,2017-04-12T09:44:20.584000+00:00,273.051388164032,not_focused,1,51.564,258.0,5.003490807540144,1157.0387596899225,740.6689769265399,-1045.0,694.0,1160.5,1626.75,3596.0,4641.0,821.5077519379845,342.5496766129832,-224.0,637.25,813.0,1016.5,2094.0,2318.0,269.4728688676229,220.37199922461542,154.000043869019,190.999984741211,201.499938964844,216.000080108643,1184.00001525879,1029.999971389771,-3.0579325276913045,37.752170864277176,-87.5214856636485,-29.495475861446476,-4.33416316884529,18.094272814443524,89.2375536459079,176.75903930955639,1.0,965.9688099083459,624.7945292730609,57.87054518492115,471.5018557757753,875.6443341905434,1331.611054324798,3575.5550618050897,3517.684516620169,248253.98414644488,0.8914728682170543,13.0,15.126832673958576,230.0,267.62857807772866,213.83478434189513,100.11509615493814,154.000043869019,189.25005197525024,200.000047683716,213.99998664856,1184.00001525879,1029.999971389771
Anon01,1,12,2017-04-12T09:45:04.770000+00:00,317.22300708392333,focused,0,44.186,221.0,5.001584212193907,1052.2850678733032,732.4227664276666,-1358.0,534.0,1075.0,1536.0,2690.0,4048.0,918.8054298642534,361.0919878381737,-78.0,697.0,887.0,1148.0,2023.0,2101.0,229.80542743907267,98.0868240710506,157.999992370605,194.000005722046,201.000213623047,212.000131607056,615.000009536743,457.00001716613804,-4.189519129799996,39.76065560842602,-88.7811247648687,-28.2116167252459,-5.99334923442117,19.2930953267114,89.2231556810244,178.00428044589307,1.0,954.6454535331426,549.7557506031454,47.01063709417264,566.8493748364026,871.0630957667006,1287.6540988111362,2819.949644940491,2772.9390078463184,210021.99977729138,0.8868778280542986,16.0,21.726338659303853,197.0,267.5055447426787,209.06091341512467,56.0226221983031,157.999992370605,192.000150680542,200.999975204468,208.999872207642,615.000009536743,457.00001716613804
Anon01,1,13,2017-04-12T09:45:46.779000+00:00,359.2447530743866,not_focused,1,42.009,210.0,4.99892880097122,1327.9,754.1085209892346,-661.0,839.5,1345.0,1826.5,3483.0,4144.0,970.1809523809524,347.7595168244144,136.0,771.5,949.0,1161.0,1916.0,1780.0,307.48094263530925,216.28364465789986,167.00005531311,194.99999284744274,203.999996185303,226.00001096725424,983.999967575073,816.999912261963,-7.792967182371753,38.721429697329036,-84.5155867658936,-31.9294229388385,-9.119786651030566,13.942287152697375,85.5018804367655,170.0174672026591,1.0,999.2982654336791,675.0092366214011,70.03570517957252,484.0630124271013,860.3836353627374,1281.7226689108686,3272.9217833611606,3202.886078181588,208853.33747563895,0.8095238095238095,16.0,22.852245947297007,170.0,242.8051131900307,229.32352739221918,118.61506730859541,167.00005531311,193.000078201294,200.999975204468,210.999965667725,983.999967575073,816.999912261963
Anon01,1,14,2017-04-12T09:46:35.371000+00:00,407.82918799046325,not_focused,1,48.592,243.0,5.000823180770498,1288.4938271604938,658.8447263344272,-469.0,830.5,1326.0,1697.0,3184.0,3653.0,895.395061728395,362.0018761408881,-338.0,678.0,923.0,1118.5,1870.0,2208.0,305.71605835431893,279.4152509511901,157.000064849854,191.999912261963,202.999830245972,219.9999094009395,1417.00005531311,1259.999990463256,-2.2865365785929352,39.09040953432026,-85.1402059263343,-25.16373769072235,-6.23783531425155,20.2293317711282,89.8829106953296,175.02311662166392,1.0,910.1450150474044,518.1832156417163,132.23085872821065,519.4404079204066,811.5817485817602,1195.9363060037683,2796.577372432238,2664.3465137040275,220255.09364147187,0.8477366255144033,15.0,18.521567336187026,206.0,254.36285808363516,221.95631207771677,126.04763150720761,157.000064849854,189.24987316131597,200.500011444092,212.000131607056,1417.00005531311,1259.999990463256
Anon01,1,15,2017-04-12T09:47:08.563000+00:00,441.0306919752045,focused,0,33.192,166.0,5.00120510966498,1265.7771084337348,734.9337596288807,-761.0,731.25,1296.5,1815.25,3246.0,4007.0,882.5963855421687,329.44142172529166,-70.0,653.75,897.5,1107.5,1848.0,1918.0,248.3253019401827,136.1855774472265,155.999898910522,194.000005722046,200.999975204468,216.000080108643,805.000066757202,649.00016784668,-2.16661402070248,35.84173510613514,-86.9758645499335,-18.6698603705345,-7.61774843076294,18.78419864855555,85.1115990518752,172.0874636018087,1.0,895.8404118608299,504.7674040928104,72.27724399837061,495.2595279245014,846.1914676951073,1226.8858952649182,2154.0447999055173,2081.7675559071467,147813.66795703693,0.8855421686746988,10.0,18.076644974692698,147.0,265.72668112798266,213.55782236371732,73.89321053779685,155.999898910522,192.999839782715,199.999809265137,210.000038146973,805.000066757202,649.00016784668
Anon02,1,0,2017-04-12T11:21:22.331000+00:00,37.23875002098084,focused,0,37.753,188.0,4.979736709665457,791.0372340425532,347.2459023498079,-186.0,538.5,774.0,1032.5,1677.0,1863.0,714.1170212765958,306.31786634506153,-33.0,460.0,702.5,958.25,1420.0,1453.0,405.39360680478694,463.690341942728,0.0,194.74995136261,205.000162124634,365.000009536743,1993.99995803833,1993.99995803833,-3.836791317104981,43.36099803427539,-86.571631441145,-31.155642232768276,-12.6698142649497,23.7760850732697,89.6942623495541,176.2658937906991,1.0,439.7264381136587,228.78445767375138,38.01315561749642,266.0808030863893,410.8235631022155,575.7545051094717,1196.757703129585,1158.7445475120885,82228.84392725417,0.7712765957446809,14.0,22.249887426164808,146.0,232.034540301433,237.49999804039533,191.82108547878136,0.0,191.00004434585574,200.999975204468,211.00014448165925,1993.99995803833,1993.99995803833
Anon02,1,1,2017-04-12T11:22:15.426000+00:00,90.34618613351441,focused,0,53.095,266.0,5.009887936717205,1138.3345864661653,314.0746715831957,114.0,961.25,1159.0,1351.75,2026.0,1912.0,626.9022556390977,278.1027117192294,-283.0,466.5,634.5,811.75,1394.0,1677.0,506.56390279755533,547.7783296685608,138.999938964844,195.000171661377,210.000038146973,624.4999766349792,2171.0000038147,2032.000064849856,-5.092594053059347,47.01773975772015,-89.6927869681912,-45.7873035983181,-6.01203871807872,33.2633374861308,89.2838400545296,178.9766270227208,1.0,353.89887701414807,221.61365315164863,8.06225774829855,186.07525359380813,314.91744950065885,472.6309342393915,1217.230462977328,1209.1682052290294,93783.20240874923,0.7030075187969925,24.0,27.12119785290517,187.0,211.3193332705528,259.3315514651212,245.71398469482858,138.999938964844,188.500165939331,200.999975204468,213.000059127808,2171.0000038147,2032.000064849856
Anon02,1,2,2017-04-12T11:23:09.261000+00:00,144.1697158817444,focused,0,53.835,269.0,4.996749326646234,972.907063197026,329.39147834998835,156.0,738.0,950.0,1226.0,1765.0,1609.0,456.26022304832713,196.97368141130812,-184.0,353.0,472.0,582.0,955.0,1139.0,729.0185836168026,846.0072738875862,164.999961853027,198.000192642212,223.000049591064,1023.9999294281,3195.99986076355,3030.999898910523,8.403881089476753,48.53045275486841,-88.2730122495124,-18.2679062072411,12.6443103000558,48.9004937423819,88.8147391813776,177.08775143089002,1.0,305.0176189936417,165.20760981944986,31.38470965295043,188.06380067913716,264.72059497455786,410.7787893949226,866.0577347960124,834.673025143062,81744.72189029597,0.6022304832713755,31.0,34.55001393145723,162.0,180.5516857063249,306.8765387123014,382.8166662068024,164.999961853027,193.50004196167,201.499938964844,218.75011920929,3195.99986076355,3030.999898910523
Anon02,1,3,2017-04-12T11:23:57.088000+00:00,191.99508202288817,not_focused,1,47.827,239.0,4.997177326614674,895.8870292887029,212.42491117134526,390.0,748.0,878.0,1041.0,1521.0,1131.0,534.8577405857741,185.97328691042551,-59.0,407.5,554.0,668.5,980.0,1039.0,432.794979925435,453.17820011824347,128.000020980835,196.500062942505,206.000089645386,595.999956130981,2198.99988174438,2070.9998607635453,-2.257237866996192,49.929710610492826,-89.3669232285689,-44.895795096461,6.34019174590991,36.6520440207469,84.0170434971839,173.3839667257528,1.0,301.8907690903807,154.93123063828696,2.23606797749979,176.35758143298867,282.61362631883765,401.1967832651689,843.5857988373205,841.3497308598206,71850.0030435106,0.6861924686192469,29.0,36.381123633094276,165.0,206.99604825726055,256.7697004838424,215.99490510090519,128.000020980835,193.000078201294,200.999975204468,212.999820709229,2198.99988174438,2070.9998607635453
Anon02,1,4,2017-04-12T11:24:43.152000+00:00,238.06836195613099,focused,0,46.064,230.0,4.993053143452587,933.9130434782609,234.737969186269,334.0,767.5,944.5,1073.75,1572.0,1238.0,454.6478260869565,171.48041431975287,-2.0,334.75,460.5,572.75,917.0,919.0,312.32609645180094,211.66002860577308,173.999786376953,194.249987602234,205.999851226807,380.000114440918,942.999839782715,769.000053405762,3.449626197647115,50.15214220969619,-88.6360724683971,-41.15366236551398,10.579033222171034,39.96281282922,89.0496832282531,177.6857556966502,1.0,313.83020578966625,168.72497508625844,21.587033144922902,191.65072397463047,290.80061898145954,403.56659921257113,905.3452380169678,883.7582048720449,71867.11712583357,0.7565217391304347,27.0,35.16846127127475,174.0,226.64119485932616,234.40230440819417,123.43996721744578,173.999786376953,192.99989938735973,201.499938964844,210.000038146973,942.999839782715,769.000053405762
Anon02,1,5,2017-04-12T11:25:46.437000+00:00,301.3423909885559,focused,0,63.285,317.0,5.009085881330489,916.3596214511041,242.32631103414064,125.0,761.0,921.0,1067.0,1693.0,1568.0,373.0757097791798,195.34651072454932,-200.0,239.0,380.0,507.0,908.0,1108.0,564.9179765478669,646.203674762888,156.000137329102,197.999954223633,210.000038146973,614.000082015991,2779.99997138977,2623.999834060668,6.287545331676627,45.27300986269748,-89.2641313687957,-29.1808060524999,10.5196598824212,37.6723751878265,90.0,179.2641313687957,1.0,316.7908210846418,164.7494157207119,5.830951894845301,191.9418948035162,303.0701128962517,407.41604686422625,855.2479172731145,849.4169653782692,100105.8994627468,0.6561514195583596,33.0,31.28703484237971,209.0,198.15122066840485,275.09569209158144,277.3965742256455,156.000137329102,193.000078201294,202.000141143799,210.999965667725,2779.99997138977,2623.999834060668
Anon02,1,6,2017-04-12T11:26:37.536000+00:00,352.44620404005434,not_focused,1,51.099,255.0,4.99031292197499,969.1411764705882,243.41230185973578,341.0,800.0,965.0,1130.5,1638.0,1297.0,379.64313725490194,241.4580264380004,-287.0,234.5,404.0,545.0,958.0,1245.0,636.1019564609902,690.5582061890201,168.999910354614,197.000026702881,216.000080108643,812.000036239624,2787.00017929077,2618.0002689361563,5.790785574428525,53.107803888424904,-90.0,-34.2359396645984,7.24059012964501,46.9461396913222,89.106932239332,179.106932239332,1.0,327.4299504551398,179.97518853949444,22.02271554554524,199.5969592250486,290.5032020318779,438.4052840328594,936.3936138184625,914.3708982729173,83167.20741560552,0.6039215686274509,29.0,34.051546997005815,155.0,181.99964774261727,297.2645144308768,316.4308603606677,168.999910354614,192.999839782715,201.99990272522,213.99998664856,2787.00017929077,2618.0002689361563
Anon02,1,7,2017-04-12T11:27:09.169000+00:00,384.09090891607667,focused,0,31.633,158.0,4.994783928176272,1029.1582278481012,242.07788583852374,309.0,865.75,1040.5,1178.0,1698.0,1389.0,489.0253164556962,195.75084103048027,-320.0,393.25,504.0,623.75,977.0,1297.0,475.8417651623112,438.3165516945309,162.999868392944,197.000026702881,212.000131607056,791.7500734329222,1582.99994468689,1420.0000762939462,-3.027116386598129,44.426386238777276,-84.7528610983835,-31.33206640731745,2.72230774872707,26.74560404161935,84.9812346589189,169.73409575730238,1.0,312.9331424682921,184.93380103513192,17.029386365926403,162.82505949638096,266.1766330841233,427.6739412215806,835.8714015923741,818.8420152264478,49130.50336752186,0.6582278481012658,21.0,39.83182119938039,104.0,197.2623526064553,273.22115577184246,241.53837096767944,162.999868392944,193.50004196167,203.999996185303,215.250134468079,1582.99994468689,1420.0000762939462
Anon02,1,8,2017-04-12T11:28:14.365000+00:00,449.27085298283384,not_focused,1,65.196,326.0,5.000306767286337,1063.3650306748466,212.19180148544166,550.0,912.5,1067.5,1188.75,1631.0,1081.0,342.47546012269936,225.01249661057335,-325.0,193.5,357.5,497.5,888.0,1213.0,395.0736208196067,311.2820315968606,154.999971389771,196.000099182129,213.99998664856,598.000049591064,1218.00017356873,1063.000202178959,4.094058672534199,47.756431777628755,-89.7787818733351,-32.6975043870363,5.48433895604256,40.9045003776026,89.3883245252862,179.16710639862129,1.0,295.4839551252466,175.73262457627018,20.396078054371138,167.91962362987834,262.1221089492453,392.8689348879598,1077.007428015239,1056.6113499608678,96032.28541570515,0.7055214723926381,34.0,31.290263206331677,231.0,212.58972943125346,254.41991715204148,179.10097706090826,154.999971389771,188.000202178955,202.999830245972,218.500018119812,1218.00017356873,1063.000202178959
Anon02,2,9,2017-04-12T11:34:18.453000+00:00,38.678071131607055,focused,0,39.06,195.0,4.99231950844854,713.1538461538462,493.69724650149277,-1220.0,401.5,732.0,1022.0,2085.0,3305.0,415.6717948717949,467.80474227692304,-1083.0,125.5,439.0,700.5,1518.0,2601.0,206.88717793195684,58.541291535178075,0.0,192.999839782715,200.000047683716,207.000017166138,586.999893188477,586.999893188477,5.736140916158076,50.06369394330313,-89.8527104028248,-37.727968051759206,12.8477048587177,44.49530316325295,89.4594898128693,179.31220021569408,1.0,791.058710176434,497.32510114537166,72.99315036357864,459.6972468103389,719.7582679601658,1002.0848304475173,3630.6597196652842,3557.6665693017057,153465.3897742282,0.9641025641025641,6.0,9.216589861751151,188.0,288.7864823348694,200.9627654197369,34.821781091138234,0.0,192.74991750717174,200.000047683716,207.000017166138,586.999893188477,586.999893188477
Anon02,2,10,2017-04-12T11:35:09.691000+00:00,89.9140830667572,not_focused,1,51.238,256.0,4.9962918146688,676.53125,447.9441220994394,-566.0,385.25,708.5,927.25,1963.0,2529.0,332.265625,464.1041519081244,-986.0,50.5,380.0,683.0,1564.0,2550.0,202.10547093302023,25.64788720564601,147.000074386597,191.74998998641976,199.9999284744265,208.24992656707798,392.000198364258,245.000123977661,12.122450411622104,50.76784909396397,-89.7106298365594,-27.238422086460048,14.77081365876375,56.46866680055493,89.835829161283,179.54645899784242,1.0,777.8077556831514,430.45506825611244,47.16990566028302,462.7061232624002,699.9064223165836,1041.7499654908856,2231.815404552984,2184.645498892701,198340.97769920362,0.98828125,3.0,3.5130176821890005,253.0,296.26449119793904,200.61660189873626,19.449937927004324,147.000074386597,191.00022315979,199.999809265137,207.99994468689,392.000198364258,245.000123977661
Anon02,2,11,2017-04-12T11:36:04.277000+00:00,144.505356,focused,0,54.586,273.0,5.001282380097461,620.6336996336996,468.79367975228723,-1364.0,381.0,642.0,905.0,2109.0,3473.0,315.4835164835165,401.3669416998189,-799.0,36.0,331.0,600.0,1468.0,2267.0,222.27472700042182,123.18524062337042,163.000106811523,192.000150680542,200.999975204468,209.999799728394,1016.00003242493,852.9999256134071,11.32522983298753,48.68239202730012,-86.4433735198357,-17.0457371647255,19.262864887953,47.8421378836557,89.8067603296173,176.250133849453,1.0,730.0890515414673,433.0606392417317,54.12947441089743,390.0474714375965,702.6294004401573,950.8564461776054,2706.829325982708,2652.6998515718105,198584.22201927908,0.9523809523809523,8.0,8.793463525446086,260.0,285.7875645769978,204.61923067386346,54.99704029924131,163.000106811523,191.999912261963,200.000047683716,208.25010538101225,1016.00003242493,852.9999256134071
Anon02,2,12,2017-04-12T11:36:58.353000+00:00,198.59747987411498,not_focused,1,54.076,270.0,4.992972853021673,682.2777777777778,405.15874422834725,-610.0,421.25,708.0,988.25,1927.0,2537.0,374.52222222222224,386.4208575320469,-626.0,127.75,345.0,601.25,1510.0,2136.0,210.42222181955984,58.22776871869203,157.999992370605,191.999912261963,200.999975204468,210.999965667725,606.99987411499,448.999881744385,9.33635737562115,50.72278524650794,-89.2578681957553,-33.638130187990924,18.15507920373725,52.26044321069548,88.9696114630116,178.2274796587669,1.0,655.1705926871153,369.2996638096356,11.661903789690601,381.03280698648507,602.5363059600642,866.7508292467911,1806.6978164596314,1795.035912669941,176240.88943283402,0.9592592592592593,8.0,8.876396183149641,259.0,287.3733264294696,203.10810726121596,33.471878861953584,157.999992370605,191.499948501587,200.999975204468,210.000038146973,606.99987411499,448.999881744385
Anon02,2,13,2017-04-12T11:37:32.694000+00:00,232.93429395422362,focused,0,34.341,172.0,5.008590314784077,635.203488372093,549.4327618146493,-1219.0,334.25,699.0,984.75,1904.0,3123.0,344.0581395348837,523.1334338799713,-1490.0,87.75,357.5,607.75,1872.0,3362.0,210.56976567867198,46.52243843972952,163.000106811523,193.75002384185802,200.000047683716,210.000038146973,414.999961853027,251.999855041504,14.009266592888853,49.0053040318918,-89.6632999805897,-21.875422522694926,25.83342070925365,55.12023644421922,89.5766398760886,179.2399398566783,1.0,855.7616668746573,542.0572723125965,58.60034129593445,478.1000958253186,779.0077021442086,1070.4035476536571,3488.4416291519055,3429.841287855971,146335.2450355664,0.9593023255813954,5.0,8.73591333973967,165.0,288.2851402114091,203.6606051705101,29.54492204694718,163.000106811523,193.000078201294,200.000047683716,207.99994468689,414.999961853027,251.999855041504
Anon02,2,14,2017-04-12T11:38:19.711000+00:00,279.9225870667572,not_focused,1,47.017,235.0,4.998192143267328,484.4936170212766,659.0668410890411,-1711.0,61.0,470.0,945.5,2431.0,4142.0,117.33617021276596,586.4334771820252,-1543.0,-240.5,171.0,538.0,1590.0,3133.0,202.080850398287,22.33986822770606,160.000085830688,192.999839782715,200.000047683716,206.4999341964725,368.99995803833,208.99987220764203,9.644534713858082,47.468113517836116,-89.7972556957813,-22.697428876607297,11.3981702577212,49.1443427531444,90.0,179.7972556957813,1.0,1017.6458895215013,579.3777032533891,46.06517122512408,584.2502342250294,954.4907435710737,1312.8452832111484,3364.631480563659,3318.5663093385347,238129.1381480313,0.9914893617021276,2.0,2.552268328476934,233.0,297.3392602675628,200.6480683584583,16.190800125974988,160.000085830688,192.999839782715,200.000047683716,206.000089645386,368.99995803833,208.99987220764203
Anon02,2,15,2017-04-12T11:39:05.091000+00:00,325.33235505722047,not_focused,1,45.38,227.0,5.00220361392684,648.6299559471365,490.355336933809,-1097.0,382.5,693.0,954.0,2022.0,3119.0,352.12334801762114,379.3109016567584,-646.0,135.0,347.0,585.5,1605.0,2251.0,202.85903304684018,27.451643310760815,154.999971389771,191.00022315979,200.999975204468,208.50002765655552,400.000095367432,245.000123977661,3.3042600984981556,48.75238423728638,-87.5846345440592,-40.499592974198904,6.73253847955201,43.0007923028262,88.9630855354699,176.54772007952909,1.0,746.4894423368802,426.845456170058,66.52818951391959,403.41033463580845,706.5245310052144,989.8900019684503,2612.659181753334,2546.1309922394144,168706.61396813492,0.986784140969163,3.0,3.9665050683120313,224.0,296.1657117672984,201.07142946549837,20.330180750586557,154.999971389771,191.00016355514526,200.999975204468,207.99994468689,400.000095367432,245.000123977661
Anon02,2,16,2017-04-12T11:39:45.454000+00:00,365.6733560667572,focused,0,40.363,202.0,5.004583405594232,721.8465346534654,503.32897850889054,-576.0,439.75,712.5,995.25,2399.0,2975.0,134.33168316831683,435.25421487957385,-1119.0,-99.25,126.0,395.75,1338.0,2457.0,205.8316811476605,37.41247738208536,151.000022888184,193.250060081482,200.999975204468,207.000017166138,412.999868392944,261.99984550476,6.091777900350763,49.24670784644176,-88.9297018850856,-31.88982100891762,9.109035017399389,45.68966022150113,90.0,178.9297018850856,1.0,832.1594819550212,461.9953743768271,64.4437739428721,508.9921413931653,770.3414827204881,1095.566520116419,2223.4704855248247,2159.0267115819524,167264.05587295926,0.9752475247524752,4.0,5.9460396898149295,197.0,292.8424547233853,201.8578669746516,24.898162795072896,151.000022888184,193.000078201294,200.999975204468,207.000017166138,412.999868392944,261.99984550476
Anon03,1,0,2017-04-10T12:46:02.175000+00:00,40.77073306866455,focused,0,41.174,205.0,4.978870160781075,808.2780487804878,229.20214904729863,110.0,626.0,810.0,968.0,1395.0,1285.0,728.3170731707318,291.6058515107954,214.0,520.0,745.0,909.0,2257.0,2043.0,268.8975683072719,185.71175141649715,0.0,193.000078201294,202.999830245972,223.000049591064,1023.9999294281,1023.9999294281,13.838317075496462,50.86891006433475,-89.7637300835261,-23.0394359799035,21.434604129418,56.4098378296357,88.7879992959429,178.551729379469,1.0,347.7995845097203,277.9119500058289,8.246211251235321,148.3530396334832,256.87437588456976,424.073457648203,1642.7129998876858,1634.4667886364505,70951.11523998294,0.8634146341463415,11.0,16.029533200563463,178.0,259.386991790936,217.06180090314894,96.0902690498906,0.0,191.24996662139898,200.500011444092,210.999965667725,1023.9999294281,1023.9999294281
Anon03,1,1,2017-04-10T12:47:07.669000+00:00,106.23241399237061,not_focused,1,65.494,328.0,5.008092344336886,813.1524390243902,217.37056968969347,220.0,649.0,779.0,975.75,1357.0,1137.0,751.9085365853658,312.9370078829547,156.0,506.25,681.5,1010.75,1976.0,1820.0,407.50304736742174,360.1627503753053,166.000127792358,196.000099182129,206.000089645386,580.9999108314518,1384.99999046326,1218.999862670902,8.373377329992294,51.89405749292429,-90.0,-36.6919660310916,20.03258908735015,50.09825379976215,89.0709606805779,179.0709606805779,1.0,281.915587937429,231.94865651593042,12.649110640673518,128.5904286217741,212.76277869965884,363.1661203199979,1545.0478956977354,1532.3987850570618,92186.39725553928,0.7225609756097561,32.0,29.31566250343543,237.0,217.11912541606864,250.67088271998165,186.1250271472843,166.000127792358,194.000005722046,201.99990272522,209.000110626221,1384.99999046326,1218.999862670902
Anon03,1,2,2017-04-10T12:48:04.462000+00:00,162.074976,focused,0,56.793,249.0,4.384343140880038,885.6425702811244,325.40179172717706,-1062.0,723.0,877.0,1040.0,2413.0,3475.0,656.9277108433735,339.09889270138575,-1047.0,498.0,656.0,826.0,1955.0,3002.0,451.12447853548014,517.4251994277088,33.9999198913574,194.999933242798,207.000017166138,388.000011444092,1815.99998474121,1782.0000648498526,5.381737206875318,47.933844721372154,-87.2325696077326,-34.7584960629303,7.9903367752022,45.8791501206731,90.0,177.23256960773261,1.0,384.698605892075,387.06192558503756,22.67156809750927,181.94463715460927,277.45653729668214,445.8416305952426,3482.537293411228,3459.8657253137185,95405.2542612346,0.7630522088353414,23.0,24.298769214515875,190.0,200.7289630764355,276.1420990291396,313.82504199838013,33.9999198913574,192.000150680542,201.99990272522,211.999893188477,1815.99998474121,1782.0000648498526
Anon03,1,3,2017-04-10T12:48:46.879000+00:00,205.44308790463256,not_focused,1,42.417,206.0,4.856543367046231,1285.0339805825242,263.06712903610855,-384.0,1167.0,1304.5,1446.0,2200.0,2584.0,1116.5291262135922,285.2192932958228,-287.0,982.5,1132.5,1295.25,1950.0,2237.0,542.2378639573031,585.4736016623048,29.9999713897705,196.250081062317,213.500022888184,625.0,2391.99995994568,2361.9999885559096,11.098785184819466,42.64841210332816,-88.78264790014,-22.583065326317126,15.5260449335842,44.50825234804165,85.7411538778296,174.5238017779696,1.0,281.6265490939087,265.70187587869265,9.219544457292887,137.78606605894515,207.2510554858527,322.88697712976904,1594.0313673199785,1584.8118228626856,57733.44256425129,0.6601941747572816,21.0,29.705071079991512,136.0,192.37569842280217,281.9632396978491,289.2753431735046,29.9999713897705,193.000078201294,200.999975204468,213.99998664856,2391.99995994568,2361.9999885559096
Anon03,1,4,2017-04-10T12:49:28.219000+00:00,246.80331320980835,focused,0,41.34,192.0,4.644412191582003,1405.796875,258.9475602290311,178.0,1274.25,1415.5,1558.25,2072.0,1894.0,1154.6302083333333,261.55421626460156,292.0,1028.0,1129.5,1262.25,2075.0,1783.0,350.4427112638952,269.3376582186849,140.000104904175,194.000005722046,207.499980926514,400.25007724761997,1730.00001907349,1589.999914169315,10.616798112271894,48.26577290400945,-83.7175079118386,-18.80885319015,26.363976520881,44.8175299815009,88.9190758133393,172.6365837251779,1.0,324.8737818683911,257.06250322941094,12.0,137.98174411891176,244.59762877019065,419.34994796667434,1291.1920848580198,1279.1920848580198,62050.8923368627,0.734375,23.0,33.38171262699564,141.0,204.64441219158198,264.24822739675545,219.2286902274998,140.000104904175,193.000078201294,200.999975204468,217.000007629395,1730.00001907349,1589.999914169315
Anon03,1,5,2017-04-10T12:50:36.403000+00:00,314.9876661087189,not_focused,1,68.184,314.0,4.605185967382377,1553.0764331210191,322.2477098672168,316.0,1320.25,1596.0,1803.75,2163.0,1847.0,1125.3630573248408,341.7023913295521,-1032.0,957.25,1125.0,1320.75,1871.0,2903.0,370.52228951909734,372.6614362222847,85.0000381469727,198.999881744385,200.999975204468,243.499994277954,1713.99998664856,1628.9999485015874,9.64565156300154,45.68764533657626,-89.8906570420676,-25.1806583097808,15.84172184269565,46.483168700081926,88.3348939418963,178.2255509839639,1.0,356.86220285973883,315.9406424881824,12.041594578792296,168.43990026119107,271.89152248645047,457.0393856113497,2631.6477727841925,2619.6061782054003,111697.86949509825,0.802547770700637,21.0,18.479408658922914,253.0,222.63287574797607,254.652172209246,234.28893774516752,85.0000381469727,197.999954223633,200.000047683716,203.999996185303,1713.99998664856,1628.9999485015874
Anon03,1,6,2017-04-10T12:51:15.555000+00:00,354.1267740782013,focused,0,39.152,196.0,5.006129955046996,1625.3010204081634,327.6693302690363,633.0,1372.75,1723.0,1888.0,2138.0,1505.0,1281.5102040816328,339.0338537336786,554.0,1060.75,1271.0,1555.25,2024.0,1470.0,359.581635922802,388.0353055990096,155.999898910522,199.000120162964,200.999975204468,239.250063896179,1826.00021362305,1670.000314712528,9.160875573050248,48.06558682480991,-88.929175545213,-32.0155402332409,14.4642729494391,45.970551148648354,88.0051108018278,176.9342863470408,1.0,331.42594797706073,253.7185902900864,17.26267650163207,149.04476016092005,247.135590314305,431.96759028515146,1304.9969348623008,1287.7342583606687,64628.05985552684,0.8010204081632653,15.0,22.987331426236207,157.0,240.60073559460562,232.0318434648454,162.80772047383496,155.999898910522,198.999881744385,200.000047683716,202.999830245972,1826.00021362305,1670.000314712528
Anon03,1,7,2017-04-10T12:52:23.243000+00:00,421.826962043869,focused,0,67.688,339.0,5.008273253752511,1461.976401179941,319.72111654291723,421.0,1245.0,1451.0,1706.0,2177.0,1756.0,1131.5634218289085,325.57056513193334,365.0,885.0,1116.0,1378.5,1914.0,1549.0,344.13569515081986,372.74822592055466,161.999940872192,198.999881744385,200.999975204468,213.99998664856,1799.00002479553,1637.000083923338,12.220920963015415,48.341769439274884,-88.7326010147667,-25.6709185927595,23.1314208146275,46.61501909009745,90.0,178.73260101476671,1.0,306.6756923708039,222.4900613537506,9.848857801796104,153.99100150745437,263.25000117841046,375.75099733866193,1522.005256232711,1512.1563984309148,103656.38402133173,0.8200589970501475,24.0,21.274081077886773,278.0,246.4247724855218,227.564747384984,153.3669681360247,161.999940872192,197.999954223633,200.500011444092,203.999996185303,1799.00002479553,1637.000083923338
Anon03,2,8,2017-04-10T12:58:35.532000+00:00,43.35316297329712,focused,0,43.738,218.0,4.984224244364168,705.4862385321101,298.3125359026621,-746.0,545.75,712.5,899.5,1374.0,2120.0,718.2844036697247,178.06748497773467,289.0,596.0,714.0,828.5,1247.0,958.0,218.23394189187152,78.80222491361809,0.0,196.250081062317,200.999975204468,212.00007200241126,580.999851226807,580.999851226807,-1.9212748129400328,41.64610422743933,-85.9143832200251,-28.83781981307565,-3.37192531273726,26.731542565947947,90.0,175.91438322002512,1.0,370.184327741048,206.97476725030654,14.866068747318506,215.34158910902465,343.42393626536864,485.07731342539614,1430.5642243534542,1415.6981556061357,80329.99911980741,0.944954128440367,7.0,9.602633865288764,206.0,282.5917966070694,204.7087382344367,46.0455841907022,0.0,194.99999284744274,200.999975204468,207.000017166138,580.999851226807,580.999851226807
Anon03,2,9,2017-04-10T12:59:27.443000+00:00,95.25016318119812,focused,0,51.911,260.0,5.008572364238793,903.9346153846154,285.85072683578124,-43.0,736.0,902.0,1108.25,1865.0,1908.0,714.5769230769231,246.09742802971394,41.0,569.0,725.5,888.25,1352.0,1311.0,244.2692380685074,124.55196815543957,144.000053405762,197.999954223633,200.999975204468,213.99998664856,800.000190734863,656.0001373291011,-3.71545039935731,48.544849399936986,-89.8676774188262,-42.55555944538127,0.38068969230956495,34.233383722347426,90.0,179.8676774188262,1.0,396.65875266201124,242.40092502709615,38.27531841800928,225.0015906664796,356.0407280073447,524.6388797397367,1416.7219204911032,1378.446602073094,102734.61693946092,0.8923076923076924,14.0,16.181541484463793,232.0,268.1512588854,213.04741707341438,68.6743519758425,144.000053405762,197.000026702881,200.000047683716,206.50011301040675,800.000190734863,656.0001373291011
Anon03,2,10,2017-04-10T13:00:32.384000+00:00,160.17595201716614,not_focused,1,64.941,324.0,4.989143992239109,843.5524691358024,314.6552694696443,-356.0,649.0,847.5,1046.75,1819.0,2175.0,716.8271604938271,242.4673856201449,-143.0,577.25,754.0,880.75,1326.0,1469.0,248.37962418426716,133.1044177458597,167.00005531311,197.999954223633,200.999975204468,208.00000429153474,799.000024795532,631.999969482422,-5.64791476303724,45.99929082520941,-89.4327335901421,-44.55879084808485,-4.5505590971346095,27.23999342149725,88.6938079060812,178.1265414962233,1.0,387.13751342143405,241.0018836668526,17.08800749063506,215.75628297282503,338.11980125393427,510.34512223504964,1349.4906446507882,1332.402637160153,125045.4168351232,0.8734567901234568,22.0,20.32614219060378,283.0,261.46810181549404,214.35335668152734,72.58396423326583,167.00005531311,197.999954223633,200.000047683716,203.000068664551,799.000024795532,631.999969482422
Anon03,2,11,2017-04-10T13:01:13.130000+00:00,200.93819909346007,focused,0,40.746,204.0,5.006626417317037,889.2892156862745,288.49069662739794,-105.0,723.5,898.5,1092.75,1586.0,1691.0,703.0539215686274,237.03369503650856,37.0,554.75,745.5,859.75,1408.0,1371.0,235.25489779079675,109.5119219556575,161.00001335144,197.999954223633,200.000047683716,207.99994468689,801.999807357788,640.999794006348,-1.1838402837010036,47.26626679103977,-88.6830875942068,-39.659996624132425,1.2527895265021,31.61081464081715,89.2042764472607,177.8873640414675,1.0,387.75293638453303,215.02280834465785,21.095023109728988,215.98057794517018,354.22732813830163,533.0401477669184,1160.2353209586406,1139.1402978489116,78713.8460860602,0.8774509803921569,16.0,23.56059490502135,179.0,263.58415549992634,211.01117000899518,60.25373548095173,161.00001335144,197.499990463257,200.000047683716,202.000141143799,801.999807357788,640.999794006348
Anon03,2,12,2017-04-10T13:02:16.887000+00:00,264.6968881964569,not_focused,1,63.757,319.0,5.003372178741158,961.8056426332288,251.2570649662083,-238.0,798.5,956.0,1131.0,1748.0,1986.0,668.2131661442006,220.9108353916208,-93.0,519.5,678.0,839.0,1284.0,1377.0,257.51724288007694,163.85068601284607,148.000001907349,197.999954223633,200.999975204468,213.000059127808,1019.00005340576,871.000051498411,0.5955148339922836,48.12547104031965,-88.9875143073902,-37.47127126863285,-0.241498167387714,41.47622632680205,90.0,178.9875143073902,1.0,365.0716827077886,207.76233657109833,4.0,206.35536919863617,334.2247761959011,499.5795841890974,1176.2287192548904,1172.2287192548904,116092.79510107679,0.8746081504702194,19.0,17.880389604278747,279.0,262.55940524177737,215.86379953610012,85.19715563264201,148.000001907349,197.000026702881,200.000047683716,203.50003242492699,1019.00005340576,871.000051498411
Anon03,2,13,2017-04-10T13:02:58.154000+00:00,305.976115043869,focused,0,41.267,206.0,4.9918821334238,870.3009708737864,261.0659379919946,81.0,721.25,880.0,1055.25,1586.0,1505.0,774.4805825242719,196.0873025095861,268.0,635.75,772.5,904.5,1579.0,1311.0,227.56309995373482,96.77634071005133,164.999961853027,196.99984788894676,200.000047683716,210.999965667725,819.000005722046,654.000043869019,-0.6944752849621658,48.806769964734805,-90.0,-33.8210261710888,-1.2767494542099649,38.18760619528325,89.8619381479031,179.86193814790312,1.0,363.37751224940024,198.17440749642472,22.090722034374522,214.1494805036893,340.20728975141026,477.1509195212768,1123.991548010927,1101.9008259765526,74492.39001112705,0.883495145631068,17.0,24.717086291710082,183.0,266.07216419899675,211.75955944373968,69.07694322182007,164.999961853027,196.4999437332155,200.000047683716,203.999996185303,819.000005722046,654.000043869019
Anon03,2,14,2017-04-10T13:04:00.482000+00:00,368.2902361411438,not_focused,1,62.328,312.0,5.005775895263765,829.1602564102565,259.9007082792135,-19.0,654.0,856.0,1003.75,1906.0,1925.0,729.5224358974359,213.02771460290842,-148.0,612.0,751.0,882.0,1223.0,1371.0,353.6987151855079,372.3307140114949,148.999929428101,198.000192642212,200.999975204468,220.999956130981,1819.9999332428,1671.0000038146989,-2.7360346446999038,47.219166352910044,-85.4344716764912,-41.9366344193433,-1.41187193221191,35.04622948250925,89.1048262897889,174.53929796628012,1.0,343.49742242106,214.14081647092377,7.0710678118654755,188.25248635102383,297.6440827565702,463.1614141874982,1322.8578910827875,1315.786823270922,106827.69837294966,0.8269230769230769,16.0,15.402387370042355,259.0,249.32614555256063,229.06177568619785,157.48990047571073,148.999929428101,197.000026702881,200.000047683716,207.000017166138,1819.9999332428,1671.0000038146989
Anon04,1,0,2017-04-06T11:46:37.870000+00:00,46.83435084169006,focused,0,47.245,236.0,4.9952375912795,1513.614406779661,1092.221294223454,-2249.0,927.0,1758.0,2279.25,3966.0,6215.0,649.9533898305085,363.5092175135626,-214.0,400.75,670.0,914.0,1616.0,1830.0,213.90678316859882,67.28085215277784,0.0,190.999984741211,198.5000371932985,212.250113487244,585.000038146973,585.000038146973,0.634260593034533,33.98700303945372,-87.4800514418533,-17.81195380428135,-0.064089131911768,14.85844932246875,88.8730152745221,176.3530667163754,1.0,933.4311778833228,830.5259586974064,35.35533905932738,402.09074421845304,640.6137681942217,1224.5671090710252,4709.506980566012,4674.151641506685,219356.32680258085,0.9491525423728814,7.0,8.889829611599112,225.0,285.74452322997143,203.63111178080248,41.25360241156476,0.0,190.999984741211,197.999954223633,210.000038146973,585.000038146973,585.000038146973
Anon04,1,1,2017-04-06T11:47:43.287000+00:00,112.27446502288818,focused,0,65.417,327.0,4.998700643563599,1258.902140672783,789.1119904948972,-1244.0,747.5,1296.0,1721.5,3676.0,4920.0,386.42201834862385,418.51184500341066,-388.0,71.0,270.0,689.0,1906.0,2294.0,243.6360802490048,118.64273645428625,153.000116348267,190.999984741211,202.999830245972,218.500018119812,636.999845504761,483.99972915649397,1.073958681973721,37.31738151730602,-89.4382946674335,-23.2156343741806,0.391091397057031,22.08803615249495,89.4849956273073,178.9232902947408,1.0,696.8620853980884,573.0026158215231,46.238512086787566,336.2681195843672,538.5697660505444,922.7267271682932,4150.307578963275,4104.069066876487,227177.03983977684,0.8746177370030581,22.0,20.178241129981505,286.0,262.31713468975954,213.29370578685845,68.96819468290404,153.000116348267,190.000057220459,200.999975204468,211.999893188477,636.999845504761,483.99972915649397
Anon04,1,2,2017-04-06T11:48:43.538000+00:00,172.51244910490416,not_focused,1,60.251,301.0,4.995767705100331,1183.3322259136212,665.7478266548902,-422.0,622.0,1239.0,1725.0,2606.0,3028.0,138.32890365448506,311.99627541934257,-379.0,-43.0,75.0,224.0,1380.0,1759.0,245.45182579775584,154.09781854756,158.999919891357,190.999984741211,202.000141143799,216.000080108643,1001.00016593933,842.0002460479731,-2.9701167209490897,37.039824752816386,-87.5878676056942,-23.9250407580067,-2.00635650389984,16.1717425372876,87.8063685944778,175.394236200172,1.0,682.2529726940747,488.0773653668355,49.39635614091387,297.10708020351944,556.6044400983333,962.526879485717,2348.882713121283,2299.4863569803692,204675.89180822243,0.9269102990033222,8.0,7.966672752319464,279.0,277.8377122371413,210.7204288564703,75.00495267141791,158.999919891357,190.000057220459,200.999975204468,211.0000848770145,1001.00016593933,842.0002460479731
Anon04,1,3,2017-04-06T11:49:24.685000+00:00,213.66186099427796,focused,0,41.147,206.0,5.0064403237174036,1416.8446601941748,679.2293356684851,-248.0,934.5,1417.0,1955.0,3624.0,3872.0,222.25242718446603,347.0036853402854,-388.0,-15.5,163.0,365.5,1589.0,1977.0,213.33009756884542,64.98586666078609,172.000169754028,191.99997186660775,200.999975204468,210.000038146973,598.000049591064,425.999879837036,-1.1557104487923842,40.16800164142203,-88.909937001787,-24.025728456433374,1.503194862576595,23.559155584867078,89.8115277208701,178.72146472265712,1.0,681.4021859108199,522.0235090135171,33.94112549695428,295.4657340538831,537.7183277516212,892.7261618211936,2952.2181491210977,2918.2770236241436,139687.44811171808,0.9466019417475728,8.0,11.665492016428901,195.0,284.3463679004545,203.87692329211131,36.85446115300949,172.000169754028,191.999912261963,200.999975204468,209.4999551773075,598.000049591064,425.999879837036
Anon04,1,4,2017-04-06T11:50:12.616000+00:00,261.59450603051755,focused,0,47.931,239.0,4.986334522542823,1501.1380753138076,659.5128049788141,-466.0,1052.0,1560.0,1926.0,3078.0,3544.0,12.426778242677825,239.5698766750994,-384.0,-135.5,-10.0,111.0,1637.0,2021.0,256.426779296109,162.93046813963343,147.000074386597,192.999839782715,200.999975204468,214.499950408936,801.000118255615,654.000043869018,-4.925628700951785,35.128768385515656,-87.7004981598777,-24.6702765860495,-3.82058645825517,13.8630286729502,90.0,177.7004981598777,1.0,617.7633039958173,455.5026729999735,46.647615158762406,300.2733979429536,512.757938331532,800.9817127329865,3070.9159871282704,3024.268371969508,147027.6663510045,0.8828451882845189,14.0,17.52519246416724,211.0,264.1296864242349,213.8815174735554,84.3125008450969,147.000074386597,191.5000677108765,199.000120162964,211.0000848770145,801.000118255615,654.000043869018
Anon04,1,5,2017-04-06T11:51:08.245000+00:00,317.23627782452394,focused,0,55.629,278.0,4.997393445864567,1373.8237410071943,638.578903265178,-335.0,949.25,1385.5,1820.5,2939.0,3274.0,85.94964028776978,324.31746423494417,-444.0,-106.0,4.5,165.0,1520.0,1964.0,289.0036071804788,246.54056618223782,141.999959945679,191.999912261963,202.99994945526151,217.000007629395,1417.00005531311,1275.000095367431,-1.7205852311887924,34.67008322160751,-89.6589577211412,-23.658707757736426,-1.457470964538715,15.0799782339871,88.7811247648687,178.44008248600989,1.0,627.0351217305727,470.3571530477507,31.953090617340916,311.8348922106056,507.1695968805701,788.1072262071957,2889.952421753687,2857.999331136346,173688.72871936864,0.8669064748201439,16.0,17.257186000107858,241.0,259.9363641266246,223.17427421506517,134.52222956323334,141.999959945679,190.000057220459,200.999975204468,211.999893188477,1417.00005531311,1275.000095367431
Anon04,1,6,2017-04-06T11:51:53.143000+00:00,362.13441277302553,focused,0,44.898,225.0,5.011359080582654,1555.2577777777778,611.4454897077503,-36.0,1159.0,1628.0,1926.0,3632.0,3668.0,127.44444444444444,380.04445094141016,-456.0,-100.0,11.0,224.0,1620.0,2076.0,272.0933394961887,236.32615173434752,154.999971389771,187.999963760376,202.999830245972,222.000122070312,1417.00005531311,1262.000083923339,-4.738570310166524,38.356782258885815,-90.0,-25.1533450643533,-3.38063226331718,10.0525448270769,88.1756910741964,178.17569107419638,1.0,683.1306155222203,521.2519095482154,18.110770276274835,298.70905853764333,539.738512199739,956.1312384429991,2785.6927325173538,2767.581962241079,153021.25787697735,0.88,11.0,14.699986636375783,199.0,265.9361218762528,215.62311517533345,106.82299320247502,154.999971389771,187.000036239624,199.000120162964,214.499950408936,1417.00005531311,1262.000083923339
Anon04,1,7,2017-04-06T11:53:03.099000+00:00,431.850712,not_focused,1,69.956,241.0,3.44502258562525,676.2157676348547,1120.8486166713683,-2850.0,114.0,808.0,1398.0,3706.0,6556.0,527.688796680498,446.14250584049853,-789.0,183.0,516.0,837.0,2288.0,3077.0,317.05809628815075,367.0824325090752,38.0001068115234,187.000036239624,200.999975204468,214.999914169312,2618.00003051758,2579.9999237060565,-3.4103512982688273,35.510399504280684,-85.1934217519979,-20.8600507817529,-2.98395762825274,19.0016744348837,87.6337520085442,172.8271737605421,1.0,1128.2814115658184,1021.7046061109729,0.0,417.4091806957634,823.7980123069572,1443.3819930113646,5713.749907022532,5713.749907022532,270787.5387757964,0.946058091286307,8.0,6.861455772199668,228.0,195.55148950769055,301.09649269204397,361.1103730592645,38.0001068115234,186.000108718872,200.500011444092,213.000059127808,2618.00003051758,2579.9999237060565
Anon04,2,8,2017-04-06T11:59:47.108000+00:00,46.10673796185303,focused,0,46.536,221.0,4.749011517964586,1873.7149321266968,679.7421491452054,-1180.0,1647.0,2000.0,2299.0,3121.0,4301.0,331.420814479638,202.81536377688954,-188.0,196.0,318.0,446.0,1077.0,1265.0,339.0497686636394,315.07272576609495,0.0,193.000078201294,203.999996185303,222.000122070312,1405.99989891052,1405.99989891052,1.262202104604809,32.89867078615685,-83.3027556710542,-14.3767885565718,1.90518622924298,16.6120803364596,89.1543672442804,172.4571229153346,1.0,516.5875099476818,514.947675208285,27.85677655436824,219.4490098658689,373.1954235309642,617.9322865715372,3464.7438577765024,3436.8870812221344,113649.25218849,0.8009049773755657,18.0,23.207839092315627,178.0,229.49974213512118,240.1853947157271,183.5462258450017,0.0,190.999984741211,201.0000944137575,211.999893188477,1405.99989891052,1405.99989891052
Anon04,2,9,2017-04-06T12:00:27.341000+00:00,86.324175125885,focused,0,40.233,201.0,4.99589888897174,1144.4328358208954,469.2323218376289,-236.0,835.0,1154.0,1487.0,2390.0,2626.0,399.56716417910445,157.51641063180142,-15.0,302.0,392.0,496.0,855.0,870.0,312.4378178250138,214.0248780834156,134.999990463257,195.000171661377,205.999851226807,382.999897003174,994.000196456909,859.0002059936519,0.25752893261560306,35.81531498731074,-88.5121324711722,-19.3741397686576,-1.24031024330191,21.7268153617048,78.9838894606305,167.4960219318027,1.0,430.8217993296878,307.76315117689165,3.605551275463989,217.0348440950869,347.67690783093906,606.2379279876748,1992.461041024391,1988.855489748927,86164.35986593756,0.7860696517412935,18.0,26.843635821340694,158.0,235.62746998732385,234.25949827025218,124.3882370348526,134.999990463257,193.000078201294,200.000047683716,211.999893188477,994.000196456909,859.0002059936519
Anon04,2,10,2017-04-06T12:01:24.250000+00:00,143.22911611634828,focused,0,56.909,285.0,5.007995220439649,1096.463157894737,401.7017697254444,-184.0,825.0,1129.0,1367.0,1942.0,2126.0,394.6771929824561,171.5609686702311,-152.0,273.0,389.0,494.0,938.0,1090.0,581.473678455018,805.1396980101782,162.000179290771,194.000005722046,209.000110626221,778.000116348267,3386.99984550476,3224.999666213989,6.008233769532973,43.853915217530215,-89.5659493678606,-18.9317205898467,-3.76626965432666,35.0905003001236,89.630354938153,179.1963043060136,1.0,367.619922231382,245.81073353752205,13.152946437965905,182.88403282788383,328.71274269196186,490.575800207551,1592.8166875067577,1579.6637410687918,104404.05791371249,0.6912280701754386,27.0,28.466499147762217,198.0,208.7543270835896,263.3686824278398,287.2008228188887,162.000179290771,188.999891281128,201.99990272522,214.999914169312,3386.99984550476,3224.999666213989
Anon04,2,11,2017-04-06T12:02:28.309000+00:00,207.28776312779235,not_focused,1,64.059,320.0,4.995394870353893,1112.5875,431.52938613001743,-170.0,794.75,1115.0,1447.0,2041.0,2211.0,426.896875,180.3963829743667,-3.0,286.0,423.5,555.75,891.0,894.0,390.64687937498104,325.8831531621214,154.999971389771,194.000005722046,209.999799728394,592.000007629395,1404.00004386902,1249.000072479249,1.404134804020805,41.34898025935632,-89.8629290186454,-30.14504488454465,1.97561471777046,33.03883704710705,85.7228742142356,175.585803232881,1.0,353.69806590771395,236.22755710840713,11.0,187.35418260690452,310.3353025358217,455.4486798748007,1551.7296800667311,1540.7296800667311,112829.68302456076,0.709375,36.0,33.71891537488877,227.0,212.61649416943754,251.29515589071275,176.11529502605006,154.999971389771,190.999984741211,202.000141143799,217.000007629395,1404.00004386902,1249.000072479249
Anon04,2,12,2017-04-06T12:03:28.517000+00:00,267.51294106866453,not_focused,1,60.208,301.0,4.9993356364602715,1318.6312292358805,513.5937484303411,-507.0,1017.0,1357.0,1670.0,2997.0,3504.0,396.13289036544853,197.00584914993505,-178.0,260.0,381.0,514.0,984.0,1162.0,340.88703643443955,315.88708787424144,159.999847412109,194.000005722046,207.000017166138,386.999845504761,1602.9999256134,1443.000078201291,4.060900792200025,39.241425919347634,-83.2197885929327,-18.8860873697093,3.50799497573384,27.8815757075454,89.8488241515751,173.0686127445078,1.0,423.5286888293904,288.1899311307112,31.400636936215164,221.16889044866195,355.5784419710317,528.6502568784009,2105.1368126561274,2073.7361757199124,127058.60664881712,0.7906976744186046,25.0,24.91363273983524,238.0,237.17778368323147,233.06302262955353,146.88381890814938,159.999847412109,190.999984741211,200.999975204468,213.99998664856,1602.9999256134,1443.000078201291
Anon04,2,13,2017-04-06T12:04:10.850000+00:00,309.8208340019074,focused,0,42.333,212.0,5.007913448137387,1292.754716981132,385.63623761359486,-76.0,1019.75,1261.5,1529.0,2766.0,2842.0,506.7830188679245,223.33326078311424,56.0,357.75,488.0,630.25,1741.0,1685.0,393.2216988419587,346.34226583208317,153.999805450439,190.999984741211,208.9999914169315,399.999856948853,1351.0000705719,1197.000265121461,-2.4737677463100884,39.62315623767983,-88.1149965074573,-29.4142264133508,-4.646709675841915,25.705778611985675,89.818684847301,177.9336813547583,1.0,422.59610979498785,292.8072607829002,12.165525060596439,206.4223865148505,359.0891254271006,549.2806242719764,1774.913237316123,1762.7477122555267,89167.77916674243,0.7452830188679245,19.0,26.929345900361422,158.0,223.93877117142657,244.7848123840139,178.26407226289228,153.999805450439,187.000036239624,200.999975204468,218.749940395355,1351.0000705719,1197.000265121461
Anon04,2,14,2017-04-06T12:04:57.392000+00:00,356.35834788937376,focused,0,46.542,232.0,4.984744961540114,1246.125,438.48020919735774,-195.0,972.75,1247.5,1518.25,2288.0,2483.0,472.30172413793105,202.61325993250205,18.0,329.0,456.5,604.25,1205.0,1187.0,367.5991533131435,354.4912942886346,152.000188827515,193.75002384185802,207.000017166138,381.999969482422,1618.99995803833,1466.999769210815,4.551149753215548,38.57195529153399,-88.8403247915164,-16.417113902229474,4.08428844963703,30.351759319887375,84.8848548694005,173.7251796609169,1.0,410.830433534261,310.66813892703715,33.13608305156178,215.36462052708174,333.7573969217761,537.7288841819527,2177.9983930205276,2144.8623099689657,94901.83014641429,0.7758620689655172,19.0,24.494005414464354,180.0,232.04847234755704,237.28334108988443,165.90952848264692,152.000188827515,188.74990940094,201.99990272522,216.24988317489598,1618.99995803833,1466.999769210815
Anon05,2,0,2017-04-10T14:11:32.076000+00:00,55.14254103623962,focused,0,55.55,277.0,4.986498649864987,1065.057761732852,284.983494840407,222.0,861.0,1081.0,1275.0,1741.0,1519.0,647.9963898916967,216.01578526013319,-15.0,506.0,657.0,787.0,1674.0,1689.0,538.920567784499,554.989051676991,0.0,199.000120162964,203.999996185303,800.000190734863,2200.99997520447,2200.99997520447,-4.377444349126048,49.61498846573633,-89.5488614532127,-48.8028403678631,-3.29881514643868,31.1950975878757,89.2317118427653,178.780573295978,1.0,362.10064760878646,251.63879102043256,18.384776310850235,182.65395561347322,295.3697224282388,490.19318741062875,1442.4011231276825,1424.0163468168323,99939.77874002507,0.6606498194945848,28.0,30.243024302430246,184.0,198.73987398739874,271.6141278329104,263.2465260891183,0.0,198.00013303756725,200.000047683716,207.499980926514,2200.99997520447,2200.99997520447
Anon05,2,1,2017-04-10T14:12:26.185000+00:00,109.2525168588562,focused,0,54.109,271.0,5.008408952299987,861.8708487084871,344.1624331154031,109.0,617.5,854.0,1066.5,2115.0,2006.0,641.3025830258302,258.9972801022031,-103.0,479.5,644.0,806.0,1614.0,1717.0,317.57933011354123,223.64504101294813,148.000001907349,198.999881744385,200.999975204468,231.0000658035275,997.000217437744,849.000215530395,-7.144392146116516,47.74927066333185,-88.9689161877589,-50.25275965543395,-9.15331163802794,32.558645363950646,88.9792477923867,177.94816398014558,1.0,397.8549233116736,249.092138234019,18.027756377319946,211.5922460708095,358.3590345344503,527.4415283818188,1486.5564234162118,1468.5286670388919,107420.82929415187,0.7896678966789668,22.0,24.395202276885545,215.0,238.40765861501782,233.4279060363771,126.64009253444229,148.000001907349,197.999954223633,200.000047683716,208.9999914169315,997.000217437744,849.000215530395
Anon05,2,2,2017-04-10T14:13:24.577000+00:00,167.63014789128113,not_focused,1,58.392,292.0,5.000685025345938,1001.736301369863,402.82321615906284,24.0,735.5,950.0,1251.0,2768.0,2744.0,514.75,285.97028266673647,-336.0,365.75,504.5,676.75,1359.0,1695.0,341.1130162134563,313.8242343747948,154.000043869019,198.999881744385,200.999975204468,227.499961853027,1601.0000705719,1447.000026702881,-1.480488825831205,46.30356161643465,-90.0,-34.09078996808702,-2.78516642211435,36.54018367779743,88.3276056389107,178.3276056389107,1.0,407.91505520882214,296.5815172828162,26.92582403567252,188.34717023645237,317.90721916936707,548.7824149399326,1663.2489290542171,1636.3231050185445,118703.28106576724,0.7568493150684932,34.0,34.93629264282778,221.0,227.0859021783806,234.40724152785094,150.00083716831514,154.000043869019,197.999954223633,200.000047683716,207.99994468689,1601.0000705719,1447.000026702881
Anon05,2,3,2017-04-10T14:13:56.268000+00:00,199.31955495803834,focused,0,31.691,158.0,4.985642611466978,1041.9430379746836,301.9883945223951,369.0,821.75,1035.5,1248.0,1817.0,1448.0,417.03164556962025,229.64453601731634,-176.0,278.0,437.5,588.0,1042.0,1218.0,394.93037930017795,412.26216295693143,167.999982833862,198.999881744385,200.999975204468,398.000001907349,1605.00001907349,1437.000036239628,8.61746074581574,46.981314789661326,-90.0,-25.6049827986576,8.125637323149714,43.95071165852013,87.9759914931283,177.9759914931283,1.0,354.62413626536625,223.19393113442936,34.20526275297414,181.738823590338,290.7988995852632,479.5216366338437,1072.9384884512253,1038.733225698251,55675.9893936625,0.7784810126582279,12.0,22.719384052254583,123.0,232.8736865356095,238.76422982874936,182.02751731230052,167.999982833862,198.999881744385,200.000047683716,201.99990272522,1605.00001907349,1437.000036239628
Anon05,2,4,2017-04-10T14:14:58.124000+00:00,261.1783151735687,not_focused,1,61.856,309.0,4.995473357475427,1069.4789644012944,363.2948427398704,120.0,800.0,1051.0,1348.0,2353.0,2233.0,439.7993527508091,326.98693876446873,-402.0,217.0,470.0,633.0,1418.0,1820.0,328.15210410306366,255.45217969136547,163.999795913696,198.999881744385,200.999975204468,230.000019073486,1202.99983024597,1039.000034332274,-1.8216214828694441,46.945327068438765,-89.8694859216089,-41.3779364746282,-1.97493401088198,29.2079984819025,88.7811247648687,178.6506106864776,1.0,401.6081179157116,266.35685005693364,4.242640687119285,209.33215678521017,334.26037755019667,530.568868708426,1466.8196889870276,1462.5770482999083,123695.30031803917,0.7864077669902912,27.0,26.189860320744955,243.0,235.70874288670458,232.98353815274973,135.7394611307239,163.999795913696,198.999881744385,200.000047683716,201.99990272522,1202.99983024597,1039.000034332274
Anon05,2,5,2017-04-10T14:15:44.298000+00:00,307.3671850648499,focused,0,46.174,231.0,5.002815437259064,946.2251082251082,321.1767614520854,200.0,739.5,882.0,1135.0,2082.0,1882.0,480.23376623376623,227.5629723665714,-296.0,351.5,476.0,625.0,1108.0,1404.0,481.9956754709217,529.6210061310312,164.000034332275,199.000120162964,200.999975204468,600.4999876022334,2200.00004768372,2036.000013351445,-1.119213924400959,48.69940009741307,-88.8883197371092,-39.3460818213688,-0.132936604874007,39.0780864739281,88.2126266240396,177.1009463611488,1.0,327.7999565457644,211.9802631540395,26.076809620810597,179.50756649792868,274.7183955972323,437.2590152487151,1210.0797494380276,1184.002939817217,75393.99000552582,0.7012987012987013,24.0,31.186381946550007,163.0,211.8075107203188,255.41718020760945,234.50197632635633,164.000034332275,198.999881744385,200.000047683716,202.0000219345095,2200.00004768372,2036.000013351445
Anon05,2,6,2017-04-10T14:16:29.063000+00:00,352.1311849523163,focused,0,44.765,224.0,5.003909304143862,754.7678571428571,346.1147229847881,-132.0,512.5,706.5,961.25,1893.0,2025.0,626.0401785714286,336.5485307712008,-383.0,430.75,634.5,806.5,1402.0,1785.0,384.3571426612992,364.84790920562773,163.000106811523,199.999809265137,200.999975204468,417.00005531311,1599.99990463257,1436.999797821047,-2.31852587393683,54.806412059098975,-88.8839896085927,-51.88748293211605,-7.6031956027221295,45.3283389817707,88.8587195706365,177.7427091792292,1.0,441.13845401919997,310.86420663773725,47.12748667179272,207.6940549900071,328.03201063310877,633.1686130273387,1513.055848275271,1465.9283616034784,98373.87524628159,0.7276785714285714,25.0,33.50832123310622,163.0,218.47425443985256,245.34355789605843,175.98146573177453,163.000106811523,198.999881744385,200.000047683716,201.0000944137575,1599.99990463257,1436.999797821047
Anon05,1,7,2017-04-10T14:22:13.014000+00:00,43.45276002098083,focused,0,43.443,113.0,2.6011094998043416,829.9026548672566,835.5784808164765,-676.0,158.0,923.0,1326.0,4090.0,4766.0,372.53097345132744,561.5089825962009,-1692.0,85.0,441.0,737.0,1945.0,3637.0,415.5132770538333,459.78645375980045,0.0,187.999963760376,200.000047683716,217.999935150146,1407.99999237061,1407.99999237061,11.863284579998053,48.71226493537812,-89.8440935017644,-25.3461759419467,13.9088568162578,52.9232592833787,89.4569283062762,179.30102180804062,1.0,1010.54820543111,727.8839827590015,48.703182647543684,425.1085955897589,782.8206852542637,1387.1043909352034,3594.4308311608947,3545.727648513351,113181.39900828432,0.9734513274336283,3.0,4.143360265175057,110.0,151.92320972308542,389.50000242753475,437.7201275101419,0.0,187.250018119812,200.000047683716,214.75011110305826,1407.99999237061,1407.99999237061
Anon05,1,8,2017-04-10T14:23:22.041000+00:00,112.44401279019165,not_focused,1,69.027,345.0,4.998044243556869,480.1768115942029,689.3543843977384,-957.0,-68.0,383.0,913.0,2428.0,3385.0,600.7652173913043,393.31051266128173,-580.0,350.0,621.0,893.0,1483.0,2063.0,227.49565373296332,105.3929095488132,158.999919891357,194.999933242798,200.000047683716,207.99994468689,799.000024795532,640.000104904175,4.647594276451794,42.68775759941162,-89.7519678718435,-21.3007600518542,3.09912455869505,32.5209281980724,89.2694923057311,179.02146017757462,1.0,714.5187962653714,553.9402334416097,12.206555615733702,332.4267200469991,540.8655570262744,902.5638923020209,2695.0556580523526,2682.849102436619,245794.46591528776,0.9333333333333333,12.0,10.430701030031727,322.0,279.89047763918467,207.27639761030318,54.981885192426006,158.999919891357,194.999933242798,200.000047683716,206.000089645386,799.000024795532,640.000104904175
Anon05,1,9,2017-04-10T14:24:17.919000+00:00,168.35785596185303,focused,0,55.878,279.0,4.993020508965961,282.1290322580645,650.5133659385139,-1229.0,-112.0,198.0,584.0,2644.0,3873.0,812.1146953405018,425.3491600931314,-460.0,539.5,927.0,1106.5,1579.0,2039.0,224.03225847469878,115.49550604491222,162.999868392944,194.499969482422,200.999975204468,207.000017166138,823.999881744385,661.000013351441,0.20487637770400816,44.59683934391873,-86.4236656250027,-30.2991173220902,-1.70803651220271,33.6995840188752,88.5733885025092,174.9970541275119,1.0,756.4231304873048,561.3451991028979,52.92447448959697,331.93820659726947,596.5263341192272,1037.4260290712664,2429.924484423333,2377.0000099337362,210285.63027547073,0.9390681003584229,11.0,11.811446365295822,262.0,281.3271770643187,205.36259567464595,55.63226086483453,162.999868392944,194.000005722046,200.999975204468,207.000017166138,823.999881744385,661.000013351441
Anon05,1,10,2017-04-10T14:25:12.221000+00:00,222.63332101335143,focused,0,54.302,272.0,5.009023608706862,279.7389705882353,687.2733756614305,-1185.0,-303.0,274.5,750.0,2041.0,3226.0,716.6875,438.1208302541361,-507.0,401.75,725.0,1051.75,1810.0,2317.0,219.7720592512805,77.46147063132233,157.000064849854,194.000005722046,200.000047683716,207.99994468689,604.000091552734,447.00002670288006,-0.25751497575679555,44.70647390389217,-89.7232109478222,-32.83584073962863,-2.757924462532375,27.731631331476027,89.0722142255383,178.7954251733605,1.0,747.1589420102607,581.1146169482696,28.071337695236398,331.6813507078962,581.5444952881937,983.2340356617076,2692.6412683460085,2664.569930650772,202480.07328478066,0.9411764705882353,9.0,9.944385105520976,256.0,282.8625096681522,205.7890621945263,43.82246897847458,157.000064849854,194.000005722046,199.49996471405052,204.999923706055,604.000091552734,447.00002670288006
Anon05,1,11,2017-04-10T14:26:18.228000+00:00,288.6454498435974,focused,0,66.007,330.0,4.999469753207992,695.4212121212121,559.9480778188957,-981.0,284.0,675.5,1056.0,2185.0,3166.0,691.8666666666667,372.650580235017,-399.0,460.0,741.0,950.25,1718.0,2117.0,278.73939528609765,220.2725762035469,148.999929428101,190.000057220459,204.999923706055,217.000007629395,1184.99994277954,1036.000013351439,1.4228756148561992,45.89745245865359,-88.5217273433111,-33.5061908572111,0.8465196394031735,39.594178922423374,89.4849956273073,178.0067229706184,1.0,579.9545198033173,401.3668833131278,40.19950248448356,286.08565151017274,494.83835744614623,765.8492018667905,2281.248780821592,2241.0492783371083,190805.0370152914,0.8818181818181818,15.0,13.634917508749071,291.0,264.51739966973196,218.3883165575795,105.43914522010535,148.999929428101,187.999963760376,201.99990272522,213.500022888184,1184.99994277954,1036.000013351439
Anon05,1,12,2017-04-10T14:27:23.561000+00:00,353.98765901335145,focused,0,65.333,326.0,4.989821376639677,693.2668711656441,542.3550717673854,-646.0,306.5,624.5,1076.75,2366.0,3012.0,605.6441717791411,438.72470903607945,-598.0,278.75,639.0,935.5,1633.0,2231.0,214.96932638203458,67.03816356686241,157.000064849854,194.999933242798,200.000047683716,209.00005102157624,608.999967575073,451.99990272521904,0.6096546091086498,48.789328950261854,-89.6062207739132,-37.0255453208022,3.70341477149637,40.936634007067,88.410624793945,178.01684556785818,1.0,663.0663182400261,437.08931572769956,18.110770276274835,361.6697388502389,538.0148696829856,868.0696976625783,2657.4583722045395,2639.347601928265,215496.5534280085,0.941717791411043,12.0,11.02046439012444,308.0,282.85858601319393,205.24350776300815,41.50069314954937,157.000064849854,194.000005722046,200.000047683716,205.999851226807,608.999967575073,451.99990272521904
Anon05,1,13,2017-04-10T14:28:09.525000+00:00,399.96353403242495,focused,0,45.964,230.0,5.003916108258637,603.7434782608696,549.154765012312,-757.0,207.25,526.0,972.75,2395.0,3152.0,442.1,462.4733726765062,-733.0,101.0,408.0,821.25,1330.0,2063.0,220.88695194410255,127.89458125937222,164.000034332275,194.999933242798,200.999975204468,206.000089645386,998.999834060669,834.999799728394,-6.064206611699598,47.77002958707571,-89.2793363774824,-43.98686747533323,-8.606421617578544,25.288235227387975,89.0684434019225,178.3477797794049,1.0,645.2132627141615,428.71345387147596,21.02379604162864,327.8673512260713,540.9066462893574,865.846406702713,2094.7632324441824,2073.739436402554,147753.837161543,0.9652173913043478,5.0,6.526847097728657,222.0,289.7920111391524,203.71171053465432,54.81628929361547,164.000034332275,194.249987602234,200.500011444092,206.000089645386,998.999834060669,834.999799728394
Anon05,1,14,2017-04-10T14:29:13.921000+00:00,464.3488930629425,not_focused,1,64.396,322.0,5.000310578296789,562.6739130434783,493.7364409990439,-884.0,270.25,478.0,787.5,2449.0,3333.0,739.1925465838509,518.8631626540407,-732.0,323.0,859.0,1148.5,1618.0,2350.0,238.48136759692844,140.13478005493243,151.000022888184,192.99989938735973,200.999975204468,210.999965667725,1001.9998550415,850.999832153316,-0.5700921034044765,50.72069405427828,-89.5185341941616,-47.86694203807173,5.861002245716815,37.430267837101894,89.6886129597252,179.2071471538868,1.0,657.1429305498541,469.4788991436379,10.295630140987,305.9444394003591,504.12002539077935,993.2270636667126,2680.5062954598707,2670.2106653188835,210942.88070650317,0.9161490683229814,14.0,13.044288465122056,295.0,274.8617926579291,209.21356071860114,69.0574184753183,151.000022888184,192.0000314712525,200.000047683716,207.000017166138,1001.9998550415,850.999832153316
Anon06,2,0,2017-04-10T15:57:59.408000+00:00,51.39173102479553,focused,0,51.794,258.0,4.981271962003321,1134.6860465116279,303.24630898632097,405.0,938.5,1106.0,1297.25,2021.0,1616.0,643.8604651162791,218.78233295261015,43.0,492.25,655.5,794.75,1216.0,1173.0,393.5271233551262,368.0070168719987,0.0,194.000005722046,208.999872207642,404.000043869019,1596.99988365173,1596.99988365173,-0.2130183356893787,45.40906345413128,-89.0170806108267,-35.88000687780947,-3.11771065100137,33.822581379356,86.0548137709624,175.0718943817891,1.0,324.3200819215623,203.53729384975864,13.416407864998739,176.22996340009834,283.9242856819402,424.28528138506056,1379.2751719653334,1365.8587641003346,83350.2610538415,0.689922480620155,35.0,40.545236900027035,179.0,207.35992586013825,246.81006063962124,185.95089389132386,0.0,190.999984741211,201.99990272522,215.0000333786015,1596.99988365173,1596.99988365173
Anon06,2,1,2017-04-10T15:58:58.891000+00:00,110.8888840667572,focused,0,59.483,298.0,5.009834742699595,1094.255033557047,259.9335396308041,259.0,935.25,1109.0,1270.0,1798.0,1539.0,701.4630872483222,183.8733341185308,160.0,572.0,726.5,834.0,1094.0,934.0,483.8590493938267,460.0910974178233,148.999929428101,197.999954223633,213.99998664856,774.999856948853,1797.9998588562,1648.999929428099,5.357861936478671,42.20369765056634,-89.618033795271,-26.38495418906835,6.36210217677804,39.5513485586401,89.5755945806385,179.1936283759095,1.0,346.385825596544,244.74331615435713,19.697715603592208,161.29786111415117,278.3522947633089,457.22314027179334,1256.8102482077395,1237.1125326041472,102876.59020217357,0.6610738255033557,36.0,36.312896121580955,197.0,198.71223710976247,267.03552909308894,234.34540123137182,148.999929428101,188.999891281128,201.99990272522,216.000080108643,1797.9998588562,1648.999929428099
Anon06,2,2,2017-04-10T16:00:00.872000+00:00,172.86384390844728,focused,0,61.981,310.0,5.001532727771414,1030.8290322580644,265.17558357599586,265.0,832.0,1039.5,1207.75,1857.0,1592.0,785.7709677419355,186.94048335879071,15.0,687.25,818.0,908.75,1164.0,1149.0,454.903216515818,406.0695804703309,150.000095367432,195.99986076355,210.999965667725,777.999877929688,1584.99979972839,1434.9997043609578,6.478074724564513,45.50455935977082,-86.7581950211117,-23.912259099074724,10.69186079199805,41.236523645135826,88.9520233539935,175.7102183751052,1.0,350.416645859404,214.67796956214355,18.027756377319946,206.18438350175796,301.5592810709032,456.6158122535837,1289.0651651487601,1271.0374087714401,108278.74357055585,0.6806451612903226,34.0,32.91331214404414,211.0,204.25614301156804,265.9052118870885,218.72989205691582,150.000095367432,190.999984741211,201.99990272522,213.99998664856,1584.99979972839,1434.9997043609578
Anon06,2,3,2017-04-10T16:00:59.310000+00:00,231.3210248664856,focused,0,58.438,292.0,4.996748690920291,998.832191780822,242.54510085753262,322.0,846.5,1011.5,1142.25,1765.0,1443.0,750.0753424657535,185.6144769395433,295.0,623.5,764.0,885.25,1179.0,884.0,437.79110990158523,385.9773800720468,155.00020980835,197.999954223633,210.000038146973,589.7500514984132,1403.00011634827,1247.99990653992,2.438936396905895,47.0890305506621,-88.7680225973603,-31.57739200508545,11.782669166842851,38.29580449797515,87.1375947738883,175.90561737124858,1.0,310.0285845831337,196.22769343090644,26.076809620810597,171.13392052082008,271.2729252984897,400.5489407050171,1128.2428816527051,1102.1660720318946,90218.3181136919,0.702054794520548,26.0,26.694958759711145,206.0,211.50621171155754,259.5873793351999,202.47566285736767,155.00020980835,193.24988126754775,202.49998569488548,212.99999952316324,1403.00011634827,1247.99990653992
Anon06,2,4,2017-04-10T16:02:01.757000+00:00,293.77013893515016,focused,0,62.447,312.0,4.996236808813874,1016.5608974358975,257.4038832496805,305.0,890.0,1015.0,1196.25,1721.0,1416.0,759.5480769230769,164.94899443625764,103.0,657.5,779.5,878.0,1243.0,1140.0,478.1217934229433,536.9171018621244,152.999877929688,197.999954223633,207.000017166138,588.000059127808,2404.99997138977,2252.000093460082,6.700625439342884,41.47323601452326,-83.9559078377589,-20.987799382970778,9.641587735003824,37.1490259996795,89.3822796812638,173.3381875190227,1.0,335.35177554452133,229.13445444694622,7.280109889280518,172.1923262443596,281.6043323530375,431.4526586904019,1210.59654716177,1203.3164372724896,104294.40219434613,0.7115384615384616,30.0,28.82444312777235,222.0,213.30087914551538,255.34234283206706,230.73177499537778,152.999877929688,195.249915122986,201.0000944137575,210.000038146973,2404.99997138977,2252.000093460082
Anon06,2,5,2017-04-10T16:02:49.055000+00:00,341.02158299427794,focused,0,47.298,237.0,5.010782696942788,1044.26582278481,249.02691848773304,325.0,888.0,1076.0,1203.0,1636.0,1311.0,794.0759493670886,176.06506077043989,305.0,677.0,799.0,920.0,1200.0,895.0,661.949367965827,681.794575349837,161.999940872192,197.000026702881,219.000101089478,1016.99995994568,2585.99996566772,2424.000024795528,7.860638083545545,44.15860577738041,-86.9758645499335,-18.0121094182515,15.7406645330659,41.2491752560327,84.5460811114087,171.52194566134222,1.0,316.3297803897521,203.86245912860218,22.47220505424423,172.96368141447124,276.81310418490807,394.04222036797523,1017.9533388127376,995.4811337584933,74653.8281719815,0.5991561181434599,26.0,32.982367119117086,143.0,181.40301915514397,296.27272632572203,324.40815163089434,161.999940872192,190.50002098083502,200.999975204468,218.000054359436,2585.99996566772,2424.000024795528
Anon06,2,6,2017-04-10T16:03:31.872000+00:00,383.8646578779297,focused,0,42.817,214.0,4.998014807202747,995.2056074766355,264.1762806503941,318.0,836.75,984.5,1158.5,1709.0,1391.0,845.018691588785,148.89264032252663,396.0,751.25,837.5,941.0,1235.0,839.0,601.8971951208381,566.4622887205869,154.000043869019,198.00001382827776,223.000049591064,814.99981880188,2194.00000572205,2039.999961853031,13.821205296499622,38.2891052178604,-87.7542574341049,-5.10278607562735,18.421020223530952,40.5943821002564,86.3255004791703,174.07975791327522,1.0,345.67610696842314,219.72068474747002,13.152946437965905,178.53291013143766,304.54063768239536,452.642242836437,1012.4050572769775,999.2521108390116,73629.01078427413,0.5981308411214953,25.0,35.03281406917813,128.0,179.36800803419203,305.90624734759336,320.7769507645706,154.000043869019,191.999912261963,201.99990272522,219.99979019165,2194.00000572205,2039.999961853031
Anon06,1,7,2017-04-10T16:09:16.041000+00:00,31.57830391607666,focused,0,32.0,75.0,2.34375,1005.2266666666667,1125.3665900299136,-2487.0,409.5,1003.0,1713.5,4272.0,6759.0,633.8933333333333,473.00876872304275,-669.0,367.0,619.0,952.5,1563.0,2232.0,409.4533348083496,438.1358530618949,0.0,177.500009536743,197.999954223633,228.0000448226925,1286.99994087219,1286.99994087219,2.578442333699453,39.08304210134598,-87.4791720922898,-13.8265764090591,4.55496618442662,25.43662526102905,84.4613624672095,171.9405345594993,1.0,1392.689389339137,940.0912879540191,255.068618218706,691.296237258623,1183.4703344629042,1683.0595829662009,5168.476951675416,4913.408333456709,103059.01481109615,1.0,1.0,1.875,75.0,140.625,409.4533348083496,438.1358530618949,0.0,177.500009536743,197.999954223633,228.0000448226925,1286.99994087219,1286.99994087219
Anon06,1,8,2017-04-10T16:10:25.699000+00:00,101.24965387983704,focused,0,69.658,168.0,2.411783284044905,1211.8809523809523,1149.1900864849483,-2911.0,507.5,1290.5,1808.25,4947.0,7858.0,729.6309523809524,497.52199711508086,-1296.0,476.5,776.5,1032.0,1789.0,3085.0,415.32142957051593,434.0759451557306,29.0000438690186,178.749918937683,198.0000734329225,428.249895572661,1299.99995231628,1270.9999084472615,3.750468974155838,38.49679200431153,-86.7191192273906,-18.046882830309272,4.68493574017741,29.83182885432015,87.2380444734882,173.95716370087882,1.0,1407.1890675781415,895.8276472612034,0.0,744.4061419507561,1306.031010351592,1896.4735652149143,5034.795030584662,5034.795030584662,235000.57428554964,0.9940476190476191,2.0,1.7227023457463608,167.0,143.8456458698211,416.63473095008715,435.0407353381083,29.0000438690186,178.499937057495,198.000192642212,631.4998865127541,1299.99995231628,1270.9999084472615
Anon06,1,9,2017-04-10T16:11:28.126000+00:00,163.546515,focused,0,62.427,148.0,2.3707690582600476,1225.0743243243244,1165.1804470577185,-2256.0,384.75,1283.5,1897.75,4625.0,6881.0,766.5675675675676,470.597437452996,-663.0,532.25,774.5,987.25,2411.0,3074.0,414.89864845533646,421.7161670158557,28.0001163482666,178.749918937683,199.49996471405052,1015.2500867843601,1255.00011444092,1226.9999980926534,-1.0382882878816055,33.217379258162474,-85.6512764114883,-20.77336344626275,-1.914018526491455,15.275926317733925,83.5755250263972,169.2268014378855,1.0,1477.5369857631886,933.4579921178937,130.080744155313,813.5152178678528,1313.5128472915671,2097.275239409317,4135.048730063529,4004.9679859082157,217197.93690718873,1.0,1.0,0.9611225911865059,148.0,142.24614349560287,414.89864845533646,421.7161670158557,28.0001163482666,178.749918937683,199.49996471405052,1015.2500867843601,1255.00011444092,1226.9999980926534
Anon06,1,10,2017-04-10T16:12:16.650000+00:00,212.18797515068053,focused,0,48.524,123.0,2.5348281262880223,1225.3333333333333,1063.2708598514369,-2009.0,679.0,1293.0,1887.5,3930.0,5939.0,753.2682926829268,474.4045145929693,-635.0,458.5,756.0,1011.0,2702.0,3337.0,401.747967169537,409.16568135695144,29.9999713897705,182.499885559082,200.000047683716,236.500024795532,1229.00009155273,1199.0001201629595,-0.40193916056627266,35.27731741510754,-83.7396008011556,-21.371054496903298,0.0849832950107534,19.55438025704565,88.8133756346375,172.55297643579308,1.0,1363.951134672722,757.0009900563582,78.49203781276162,903.5421847909774,1174.8371778163096,1725.5022020490449,3371.0037080964476,3292.511670283686,166402.03843007208,1.0,1.0,1.2365015250185476,123.0,152.08968757728135,401.747967169537,409.16568135695144,29.9999713897705,182.499885559082,200.000047683716,236.500024795532,1229.00009155273,1199.0001201629595
Anon06,1,11,2017-04-10T16:13:18.536000+00:00,274.08739900190733,focused,0,61.886,154.0,2.4884464984002843,1119.1623376623377,1097.032629655837,-1179.0,323.25,1102.5,1552.75,4730.0,5909.0,762.2142857142857,430.70811468517593,-726.0,538.75,738.5,966.0,2206.0,2932.0,402.60389563325157,423.668610416241,31.0001373291016,177.75005102157576,200.000047683716,221.000134944916,1294.00014877319,1263.0000114440884,-3.249750405986656,35.25009606023035,-88.4088597288054,-24.713222094734725,-0.20059205158332755,13.834534329766651,87.0219793480503,175.4308390768557,1.0,1349.1451607508,907.4484565173769,0.0,721.6072338883529,1200.4432514700559,1738.60662600831,4749.0651711679,4749.0651711679,206419.2095948724,1.0,1.0,0.9695246097663446,154.0,149.30678990401705,402.60389563325157,423.668610416241,31.0001373291016,177.75005102157576,200.000047683716,221.000134944916,1294.00014877319,1263.0000114440884
Anon06,1,12,2017-04-10T16:14:10.998000+00:00,326.5482388035431,focused,0,52.462,128.0,2.439861232892379,878.5859375,1247.0983604911628,-2419.0,-40.75,951.5,1485.5,5305.0,7724.0,689.1328125,462.87877008817316,-282.0,365.75,664.5,949.25,2406.0,2688.0,404.7890622168778,416.8025116896044,29.9999713897705,186.74987554550177,197.999954223633,269.999980926514,1269.00005340576,1239.0000820159894,-0.44121144221089215,30.73154066185444,-88.9122361596159,-18.36183650613135,0.7693169789472395,16.121223286690576,87.2979948319548,176.2102309915707,1.0,1583.0046053513709,1119.940230647936,73.7360156233031,790.7590340347831,1371.3657426084408,2098.0090185268245,6124.343638301169,6050.607622677866,201041.5848796241,0.984375,2.0,2.2873699058366053,126.0,144.10430406770615,406.9285714437091,419.7486186696621,29.9999713897705,186.25003099441525,197.999954223633,223.50001335144,1269.00005340576,1239.0000820159894
Anon06,1,13,2017-04-10T16:15:02.751000+00:00,378.3029050076294,focused,0,51.753,140.0,2.7051571889552295,924.5142857142857,1114.7220889128391,-2431.0,235.0,1010.0,1477.0,3567.0,5998.0,824.7928571428571,439.8529867455485,-284.0,557.0,812.0,1039.5,2059.0,2343.0,374.5571443012782,385.7159190562737,29.9999713897705,183.000087738037,199.000120162964,225.250124931335,1249.00007247925,1219.0001010894796,0.7242071110529759,38.82335866881647,-88.8754726246121,-18.2875258475049,1.413361324221904,21.983950460388225,88.3511400274196,177.2266126520317,1.0,1502.8637253594075,1016.8749935440669,176.17321022221284,767.3687430742591,1225.7018397636516,2087.8111575933935,5629.497402077738,5453.324191855525,208898.05782495765,0.9857142857142858,2.0,2.3187061619616256,138.0,159.99072517535214,374.75362376890314,388.4974298451651,29.9999713897705,183.000087738037,199.0000009536745,222.25004434585526,1249.00007247925,1219.0001010894796
Anon06,1,14,2017-04-10T16:16:06.751000+00:00,442.06717,not_focused,1,64.0,184.0,2.875,1092.054347826087,1019.7714456652233,-1809.0,408.0,1136.5,1787.25,3913.0,5722.0,750.5163043478261,502.31828831692616,-688.0,442.0,763.0,1075.5,2242.0,2930.0,342.64130307280504,367.66311908011016,30.9998989105225,181.999921798706,200.500011444092,217.000007629395,1260.99991798401,1230.0000190734875,-3.7451511339499017,40.681936495534764,-88.6819225959451,-27.48294853293335,-1.70113053169266,23.075487914193225,85.2949030227338,173.9768256186789,1.0,1374.8936245081181,822.9805998533727,70.43436661176133,793.8374006560159,1171.2032274545695,1872.6185041274816,3732.746040115775,3662.311673504014,251605.5332849856,0.9945652173913043,2.0,1.875,183.0,171.5625,343.40983531514155,368.5188714706711,30.9998989105225,181.999921798706,200.000047683716,217.000007629395,1260.99991798401,1230.0000190734875
Anon07,2,0,2017-04-13T12:39:38.513000+00:00,47.140364045776366,focused,0,47.567,237.0,4.982445813273908,1414.392405063291,824.9568624608319,-1064.0,887.0,1465.0,1876.0,3698.0,4762.0,528.9451476793249,373.89574285766867,-456.0,276.0,520.0,774.0,1508.0,1964.0,243.6835393623964,143.1980510226889,0.0,190.999984741211,203.000068664551,217.999935150146,803.999900817871,803.999900817871,-16.9634680121864,36.04922121559454,-88.1883287473338,-39.6122459630686,-20.6643157079845,-2.55289814717176,88.4367604957602,176.625089243094,1.0,941.4836631360347,674.8220695911443,71.56814934033156,493.88228606207616,775.5450035464353,1227.3720042930547,4637.642720175844,4566.0745708355125,222190.1445001042,0.8649789029535865,20.0,25.22757373809574,206.0,259.8440095023861,211.02427163170384,78.00674033645191,0.0,188.249945640564,201.99990272522,212.000131607056,803.999900817871,803.999900817871
Anon07,2,1,2017-04-13T12:40:30.079000+00:00,98.707793917984,focused,0,51.566,258.0,5.003296745917853,1736.7635658914728,803.5489029597076,-841.0,1178.5,1786.0,2285.75,3719.0,4560.0,341.7984496124031,423.28891996488414,-837.0,70.5,282.0,617.75,1712.0,2549.0,248.31782662591263,131.30808845540463,147.000074386597,190.250039100647,201.99990272522,223.999977111816,798.00009727478,651.000022888183,-11.521712352516458,32.50418720182418,-80.963284173004,-29.821991030476,-15.2415009165085,2.84528368247378,89.5787150958314,170.5419992688354,1.0,949.372228958379,615.1906645601645,42.05948168962618,472.25840384264205,821.3872411962582,1296.3610608160059,3377.808165067993,3335.748683378367,243988.6628423034,0.8527131782945736,23.0,26.761819803746654,220.0,255.9826242097506,214.7181814367121,74.95751604748315,147.000074386597,188.74996900558475,200.500011444092,219.000101089478,798.00009727478,651.000022888183
Anon07,2,2,2017-04-13T12:41:39.198000+00:00,167.82935804196168,focused,0,69.119,346.0,5.005859459772277,1699.4046242774566,798.9106227232202,-760.0,1164.0,1740.5,2283.25,4185.0,4945.0,428.8728323699422,416.36487862461865,-814.0,124.5,444.0,707.5,1499.0,2313.0,277.93352590130934,210.69192322573764,119.000196456909,191.999912261963,202.000141143799,219.000101089478,1210.00003814697,1090.999841690061,-16.503232897751204,32.21407463281141,-85.6583242673583,-34.2121679826854,-17.24236819212925,-2.45695304062365,87.5748046098687,173.233128877227,1.0,917.0712070695074,632.7986959293405,50.44799302251776,444.2082844792519,756.111764225369,1261.6374281068233,3769.1565369456334,3718.7085439231155,316389.56643898005,0.8323699421965318,31.0,26.910111546752702,288.0,250.00361695047673,219.25694329871078,104.09862928606586,119.000196456909,190.999984741211,200.999975204468,211.999893188477,1210.00003814697,1090.999841690061
Anon07,2,3,2017-04-13T12:42:46.846000+00:00,235.4905139408722,focused,0,67.648,338.0,4.996452223273415,1867.8136094674555,828.0791333304961,-808.0,1326.75,1844.0,2457.0,4152.0,4960.0,364.67455621301775,426.5430262680884,-790.0,59.75,359.0,677.75,2077.0,2867.0,292.81657193539417,267.4535260649285,162.999868392944,194.000005722046,202.000141143799,213.99998664856,1402.00018882751,1239.0003204345662,-12.535449432763157,34.6070708217197,-86.6154820476903,-30.702185063369225,-16.658698818460948,-0.6708053977239237,89.8057777625302,176.4212598102205,1.0,953.9735805552414,708.2559353208077,29.427877939124322,415.9326868617084,785.6742327453536,1249.827588109656,3878.1460777025923,3848.718199763468,321489.09664711636,0.863905325443787,19.0,16.8519394512772,293.0,259.87464522232733,218.92150351618753,117.83472351125643,162.999868392944,192.000150680542,200.000047683716,210.000038146973,1402.00018882751,1239.0003204345662
Anon07,2,4,2017-04-13T12:43:45.895000+00:00,294.52620197329713,focused,0,59.049,295.0,4.995850903486935,2185.650847457627,750.5504173204887,-877.0,1660.0,2172.0,2675.0,4765.0,5642.0,390.8542372881356,430.5748413545189,-972.0,94.5,394.0,657.0,1766.0,2738.0,246.98644654225504,134.33306497072007,141.000032424927,191.499948501587,203.999996185303,217.000007629395,785.000085830688,644.000053405761,-12.259748785575882,37.636537472733835,-90.0,-37.363150401991746,-17.0924966663639,4.49677501848662,89.2871810461783,179.28718104617832,1.0,942.0134261266297,622.5575111240988,37.12142238654117,510.9586428863604,762.8591296838457,1228.2451392889639,3589.69427667594,3552.5728542893985,276951.94728122914,0.8915254237288136,16.0,16.257684296093075,263.0,267.2356856170299,212.88593368385233,73.94867109730005,141.000032424927,189.000129699707,201.99990272522,212.999820709229,785.000085830688,644.000053405761
Anon07,2,5,2017-04-13T12:44:42.455000+00:00,351.08781496185304,focused,0,56.56,283.0,5.003536067892504,1892.7844522968198,838.9012413638463,-866.0,1419.0,2028.0,2426.0,3905.0,4771.0,507.11660777385157,395.1650509572342,-851.0,254.0,481.0,734.5,2057.0,2908.0,262.16960627282896,157.39970566546563,158.999919891357,191.499948501587,203.000068664551,222.499847412109,1010.99991798401,851.9999980926531,-13.933428495931613,31.80197099870989,-86.7845160082518,-31.2194261069701,-18.6500758952701,5.46563997348946,80.2833141822149,167.06783019046668,1.0,912.1755907246663,652.4275510864039,23.345235059857504,414.35326494086655,763.0013140581777,1279.9691420003414,3781.8262784004237,3758.481043340566,257233.5165843559,0.8445229681978799,23.0,24.398868458274396,239.0,253.53606789250352,218.33472571113626,85.3715247109109,158.999919891357,189.9999380111695,201.99990272522,214.00010585784952,1010.99991798401,851.9999980926531
Anon07,1,6,2017-04-13T12:52:41.945000+00:00,43.95226398664856,focused,0,44.448,222.0,4.994600431965443,914.4009009009009,701.5421985850776,-858.0,403.0,872.5,1289.75,3636.0,4494.0,706.4054054054054,248.4871297763232,68.0,525.25,710.5,916.0,1211.0,1143.0,352.4954952635208,315.864283171174,0.0,194.000005722046,205.9999704360965,242.75004863739002,1414.99996185303,1414.99996185303,-5.722225579477042,38.10471635847408,-88.8570936669334,-29.3106748118685,-5.66681336954666,22.92420616841155,87.4471018528283,176.3041955197617,1.0,727.9995728560705,484.5209671652366,43.41658669218482,389.1966084127661,614.5388514976088,989.3396787756974,2618.7252624129933,2575.3086757208084,160887.90560119157,0.7432432432432432,27.0,36.447084233261336,165.0,222.73218142548595,236.93939411278936,160.04770835109778,0.0,191.999912261963,201.000213623047,210.000038146973,1414.99996185303,1414.99996185303
Anon07,1,7,2017-04-13T12:53:33.880000+00:00,95.8842840743866,focused,0,51.935,259.0,4.987002984499855,1211.8301158301158,671.4178811584995,-981.0,785.0,1218.0,1658.0,3060.0,4041.0,577.1930501930502,240.08148831757367,-211.0,443.0,571.0,707.5,1390.0,1601.0,366.60617474883657,342.41979689625055,161.999940872192,193.50004196167,204.999923706055,228.5000085830685,1572.99995422363,1411.0000133514382,3.057505830009723,32.85982334651138,-85.9555144258189,-12.1064424507779,3.17983011986423,18.6841733982277,84.2628994484706,170.21841387428952,1.0,775.754626624861,560.2779967915279,25.079872407968907,382.3215408915721,630.37314432219,1007.9079417181108,3656.850010596552,3631.7701381885827,200144.69366921412,0.7799227799227799,21.0,24.261095600269567,202.0,233.36863386925964,236.8316815631225,163.30428131055695,161.999940872192,190.000057220459,201.99990272522,210.999965667725,1572.99995422363,1411.0000133514382
Anon07,1,8,2017-04-13T12:54:36.429000+00:00,158.43448991226197,focused,0,62.549,313.0,5.004076803785832,1229.1629392971247,704.37067438474,-694.0,819.0,1294.0,1733.0,2957.0,3651.0,518.6325878594249,303.0126303402205,-750.0,341.0,537.0,720.0,1192.0,1942.0,305.3194920475871,261.48937384891275,142.999887466431,193.000078201294,203.999996185303,220.999956130981,1203.00006866455,1060.0001811981192,6.479831639245013,38.180383833403674,-88.6625982903506,-13.8230225188931,9.2610969307759,27.8767140338582,89.2510782171762,177.91367650752682,1.0,824.919526622657,516.7292249373394,25.079872407968907,415.92483158473283,719.3947798997062,1131.449381350199,2363.0533214466404,2337.9734490386713,257374.892306269,0.8115015974440895,28.0,26.858942589010216,255.0,244.60822714991446,224.56862692739455,125.13984012395431,142.999887466431,191.999912261963,200.999975204468,211.999893188477,1203.00006866455,1060.0001811981192
Anon07,1,9,2017-04-13T12:55:40.778000+00:00,222.7870770038147,focused,0,64.349,322.0,5.003962765544141,1272.248447204969,879.1474839425031,-717.0,694.75,1203.0,1797.25,3881.0,4598.0,661.8509316770186,291.4005100917648,-456.0,488.25,640.0,838.0,1333.0,1789.0,256.8043455574083,174.667365079957,84.0001106262207,192.25007295608523,201.99990272522,217.74995326995824,1003.00002098083,918.9999103546093,0.45514178181435266,34.47297788545473,-89.5500423955526,-15.122227134752924,2.6162584688139052,17.5240304384256,89.5390624018874,179.08910479744,1.0,895.3861497145308,607.2422170675452,30.805843601498726,432.1353954491578,742.5900618780189,1257.161882972913,2990.2483174479007,2959.442473846402,287418.9540583644,0.8726708074534162,23.0,21.445554709474894,281.0,262.0087336244541,213.89679637243745,89.35382337792885,84.0001106262207,191.999912261963,200.000047683716,212.000131607056,1003.00002098083,918.9999103546093
Anon07,1,10,2017-04-13T12:56:34.060000+00:00,276.0711109752045,focused,0,53.282,266.0,4.992305093652641,2004.0827067669172,820.3655158682353,49.0,1450.25,1993.5,2532.25,4521.0,4472.0,492.7142857142857,311.8038729866135,-475.0,298.0,514.5,720.75,1177.0,1652.0,256.1879731658707,166.3501731925065,156.000137329102,190.999984741211,201.0000944137575,219.99979019165,996.999979019165,840.999841690063,-4.017227774857624,38.47864146938155,-88.2277002832952,-29.586157034068574,0.9221406964528625,19.949657940963352,87.6985712680049,175.9262715513001,1.0,989.066871308485,669.919634383763,70.178344238091,506.0770692295789,790.9285682032228,1363.1507620215748,3720.611912038126,3650.433567800035,262102.72089674853,0.8796992481203008,16.0,18.017341691377954,234.0,263.5036222364026,214.25641092479745,84.58179658420417,156.000137329102,190.999984741211,200.999975204468,212.50003576278723,996.999979019165,840.999841690063
Anon07,1,11,2017-04-13T12:57:31.542000+00:00,333.572307956131,focused,0,57.482,288.0,5.010264082669358,1930.5069444444443,787.1696529032193,-343.0,1394.75,1950.0,2431.5,3987.0,4330.0,594.8888888888889,301.6313540821514,-513.0,428.5,594.0,786.75,1739.0,2252.0,362.4097199903593,400.8596095761244,141.999959945679,196.000099182129,203.000068664551,221.250116825104,1810.99987030029,1668.999910354611,4.404710623620601,33.079225657837355,-88.389947961664,-11.76995169276085,5.84338046158701,22.311468027997723,89.3489396197705,177.7388875814345,1.0,874.8057019485034,612.5003515937747,67.89698078707183,432.3107077880619,746.300877662622,1164.2361819807452,4189.808826187658,4121.911845400587,251069.23645922047,0.8194444444444444,18.0,18.78849031001009,236.0,246.33798406457674,229.75423679513452,165.28959391615774,141.999959945679,193.75002384185802,200.999975204468,208.00000429153474,1810.99987030029,1668.999910354611
Anon07,1,12,2017-04-13T12:58:39.485000+00:00,401.49739094850156,focused,0,67.943,339.0,4.989476472925835,1782.7433628318583,844.8445610687521,-1377.0,1189.0,1773.0,2384.5,4241.0,5618.0,569.5899705014749,352.85467943073155,-534.0,356.0,574.0,785.0,1810.0,2344.0,263.05604613987754,163.16831453464883,147.000074386597,192.000150680542,202.000141143799,218.500018119812,821.000099182129,674.000024795532,-2.3120090975352388,34.91011288469778,-89.1117645047602,-23.1386031480577,0.346717580272449,18.0936146923493,88.8308606720926,177.9426251768528,1.0,938.0117820714161,650.7141913508447,37.64306044943742,450.8419306738316,778.6530872216231,1241.1587283842948,4519.333689826411,4481.690629376973,317047.98234013864,0.8643067846607669,22.0,19.428049983074047,293.0,258.74630204730437,217.05460711143945,87.79539130032975,147.000074386597,190.999984741211,200.000047683716,211.999893188477,821.000099182129,674.000024795532
Anon07,1,13,2017-04-13T12:59:21.940000+00:00,443.9588480095367,not_focused,1,42.455,213.0,5.017076904958191,1944.394366197183,860.403166970879,-1023.0,1366.0,1910.0,2495.0,4920.0,5943.0,571.0985915492957,335.5683492826309,-733.0,383.0,589.0,796.0,1522.0,2255.0,242.8591486433863,124.70775569748955,146.000146865845,194.999933242798,200.999975204468,213.99998664856,805.999994277954,659.9998474121089,-2.9371993602809265,36.4824827454696,-89.6419060406764,-18.9094371848292,-2.29841330842446,13.3140660063817,88.5024122609825,178.1443183016589,1.0,963.0751578956689,599.2518760913053,98.38699100999075,504.1440621759622,835.320622480926,1300.3577649106862,3815.0691998966413,3716.6822088866506,204171.9334738818,0.8779342723004695,15.0,21.198916499823344,187.0,264.27982569779766,212.52406217197696,68.91032757487258,146.000146865845,192.999839782715,200.000047683716,207.99994468689,805.999994277954,659.9998474121089
Anon08,2,0,2017-04-12T12:16:11.689000+00:00,36.0187137882843,not_focused,1,36.456,182.0,4.99231950844854,979.7527472527472,497.3725352953043,-143.0,629.75,1046.0,1322.25,2185.0,2328.0,625.2032967032967,222.59265854354535,-15.0,495.25,632.0,755.5,1463.0,1478.0,255.7692305072324,180.18577972426087,0.0,197.000026702881,200.000047683716,208.999872207642,990.000009536743,990.000009536743,2.627814212643683,46.8538899097226,-89.3749799259825,-34.60886184580133,4.902963732712886,37.0157941863099,89.4922220431736,178.8672019691561,1.0,362.15687940148814,228.78618502672322,26.0,201.42740627829173,301.16606714568627,486.5079649913247,1274.278227076018,1248.278227076018,65550.39517166936,0.8626373626373627,14.0,23.04147465437788,158.0,260.03949967083605,212.06962156899382,89.0374809138339,0.0,196.24990224838274,200.000047683716,203.000068664551,990.000009536743,990.000009536743
Anon08,2,1,2017-04-12T12:16:59.335000+00:00,83.69458709536744,focused,0,47.646,238.0,4.995172732233556,1205.6638655462184,295.85350898431955,-154.0,1049.0,1198.0,1361.0,2416.0,2570.0,740.7983193277311,174.51722506937486,237.0,637.25,722.0,852.5,1377.0,1140.0,270.02100583885925,237.36779288793318,151.999950408936,197.999954223633,200.999975204468,210.000038146973,1401.99995040894,1250.000000000004,-6.192441323286831,47.64680896425866,-89.550630551292,-45.86106449904115,-11.04210712711135,30.1048722177149,88.9949139947458,178.5455445460378,1.0,324.5059032306366,230.6978749051849,25.079872407968907,171.0263137648707,271.88416651213805,417.16783193338387,1760.1238592780908,1735.043986870122,76907.89906566087,0.8781512605042017,15.0,18.889308651303363,209.0,263.19103387482687,214.31578859758162,101.05484351519827,151.999950408936,197.999954223633,200.000047683716,203.000068664551,1401.99995040894,1250.000000000004
Anon08,2,2,2017-04-12T12:18:00.737000+00:00,145.07549303242493,focused,0,61.402,307.0,4.999837138855412,1188.299674267101,263.17646468370197,402.0,1037.5,1158.0,1334.5,2376.0,1974.0,754.2931596091205,195.52508120422596,119.0,636.5,755.0,856.5,1595.0,1476.0,278.51791102257164,202.55538352549732,157.999992370605,194.000005722046,201.99990272522,219.000101089478,1194.00000572205,1036.000013351445,-1.7268791805965442,47.01567813776328,-89.1032697199419,-39.0898786997691,-1.36392753160292,34.0150338016551,87.8613174223337,176.9645871422756,1.0,323.8935649398004,231.0125362916926,18.601075237738275,167.6305461424021,268.26273929544595,408.4464064043807,1500.274641524011,1481.6735662862727,99111.43087157892,0.8501628664495114,21.0,20.520504218103646,261.0,255.04055242500243,220.11877293787705,101.43195241259782,157.999992370605,192.000150680542,200.999975204468,210.999965667725,1194.00000572205,1036.000013351445
Anon08,2,3,2017-04-12T12:19:09.501000+00:00,213.8612050267029,focused,0,68.764,344.0,5.002617648769705,1054.4825581395348,225.86380630394748,338.0,895.5,1048.0,1214.25,1603.0,1265.0,670.1686046511628,174.66632824798947,145.0,566.0,674.5,778.25,1435.0,1290.0,237.99999716670018,122.77059231431426,161.999940872192,189.99999761581427,202.000141143799,217.000007629395,834.999799728394,672.999858856202,-3.0770607053963217,48.8712100048675,-89.4000661197461,-42.075427516128954,-5.707007220663125,34.62981167471818,90.0,179.4000661197461,1.0,312.9915697256264,185.96869628485723,21.0,167.656355478911,285.3506614676055,418.4150751315825,1099.3752771460709,1078.3752771460709,107356.10841588986,0.9098837209302325,16.0,13.960793438427086,313.0,273.10802163922983,210.68690074518472,66.16614463309122,161.999940872192,189.000129699707,200.999975204468,212.999820709229,834.999799728394,672.999858856202
Anon08,2,4,2017-04-12T12:20:10.778000+00:00,275.12633016021726,focused,0,61.277,306.0,4.993717055338871,1061.3071895424837,231.90111654928955,153.0,911.5,1068.5,1207.25,1668.0,1515.0,664.9215686274509,176.59536220720793,124.0,538.5,679.0,777.75,1253.0,1129.0,238.3398729212145,129.44080756733726,158.999919891357,190.999984741211,200.000047683716,212.000131607056,799.000024795532,640.000104904175,-1.9014133870767593,48.57634528249143,-89.4645410144355,-43.5672282616218,-2.329733515144855,43.025065989118,89.3152224929909,178.7797635074264,1.0,336.6556081385455,203.01067128702152,24.186773244895647,189.63649437806004,306.96579614022147,436.6062299143245,1217.9630536268332,1193.7762803819376,102679.96048225639,0.8888888888888888,21.0,20.562364345512997,272.0,266.3315762847398,210.01103169777824,67.71167672118455,158.999919891357,190.750002861023,199.000120162964,209.25009250640898,799.000024795532,640.000104904175
Anon08,2,5,2017-04-12T12:20:52.356000+00:00,316.71685984931946,focused,0,41.578,208.0,5.002645629900428,990.0769230769231,267.7577547647993,-302.0,865.0,998.0,1120.75,1898.0,2200.0,751.0769230769231,199.5569945725788,226.0,644.0,724.0,864.0,1394.0,1168.0,244.41827031282284,137.74579940201943,155.999898910522,191.74993038177502,200.999975204468,212.250113487244,809.999942779541,654.000043869019,-5.9876483548873995,48.90079772381368,-89.4410345191678,-43.2690609254508,-8.21411221891178,33.265298481979045,87.6876499547952,177.128684473963,1.0,347.4037658692619,235.43902926943383,17.204650534085253,181.22868243630086,285.63088068344433,441.9913627932532,1354.5552775726799,1337.3506270385947,71912.57953493722,0.8846153846153846,14.0,20.202991966905575,184.0,265.5250372793304,211.51087076767638,73.9326934800582,155.999898910522,189.750075340271,200.000047683716,210.25002002716099,809.999942779541,654.000043869019
Anon08,2,6,2017-04-12T12:21:48.519000+00:00,372.84921397138976,focused,0,56.163,281.0,5.003293983583498,1125.8434163701068,242.30772992165868,50.0,982.0,1129.0,1286.0,1669.0,1619.0,770.846975088968,206.13569123903233,62.0,642.0,780.0,908.0,1447.0,1385.0,258.1103229862092,164.81948091294467,154.999971389771,191.999912261963,200.999975204468,213.000059127808,824.000120162964,669.000148773193,-0.03355263867347583,51.85031163670331,-89.5943729395124,-42.1658889836935,0.317424893752487,46.8351560156717,86.7670629278893,176.3614358674017,1.0,334.9210152064701,211.439131738215,23.323807579381203,167.45855619096812,294.4398406637339,462.49540019413666,1572.0846033213352,1548.7607957419539,93777.88425781163,0.8861209964412812,15.0,16.02478500080124,249.0,266.0114310133006,214.6425697219421,86.48275597799385,154.999971389771,190.999984741211,200.000047683716,209.999799728394,824.000120162964,669.000148773193
Anon08,1,7,2017-04-12T12:27:26.893000+00:00,46.645343841690064,focused,0,47.085,235.0,4.99097377083997,960.0893617021277,237.5246022948723,137.0,814.0,984.0,1115.0,1827.0,1690.0,802.5446808510638,190.24367667352266,264.0,668.5,785.0,928.5,1415.0,1151.0,299.54468341583913,316.58248032491036,0.0,197.999954223633,200.999975204468,208.9999914169315,1602.9999256134,1602.9999256134,-5.268059311618287,46.23328068173485,-87.9943526286114,-38.6103940537387,-5.1416022773847,25.11330731623185,90.0,177.9943526286114,1.0,319.0806996367746,206.31459533322297,8.0,173.23250054227097,263.8917347263273,424.7574686405492,1080.437874197309,1072.437874197309,74664.88371500526,0.8808510638297873,11.0,14.017202930869704,207.0,263.77827333545713,216.53140109518313,126.14403361045834,0.0,197.999954223633,200.000047683716,203.50003242492699,1602.9999256134,1602.9999256134
Anon08,1,8,2017-04-12T12:28:26.694000+00:00,106.47390711825561,focused,0,59.801,299.0,4.999916389358037,991.0401337792642,181.951438984354,520.0,864.0,997.0,1114.5,1583.0,1063.0,832.6086956521739,168.43526606429995,405.0,717.0,829.0,925.0,1561.0,1156.0,321.24080466586224,246.95790716111892,161.999940872192,198.999881744385,200.999975204468,236.999988555908,1222.00012207031,1060.000181198118,-1.0799841505319556,48.597147548754066,-87.5104470780009,-40.9230605774983,-2.97881218474043,35.036367565135,89.4791436254981,176.989590703499,1.0,251.82858543771542,166.01905506202473,19.697715603592208,121.40178472932982,219.28854191511832,332.07671533158833,871.0895476356033,851.391832032011,75044.91846043919,0.7959866220735786,24.0,24.07986488520259,238.0,238.79199344492565,231.8991592952184,130.1829650545078,161.999940872192,198.999881744385,200.000047683716,203.000068664551,1222.00012207031,1060.000181198118
Anon08,1,9,2017-04-12T12:29:21.981000+00:00,161.76160404005432,focused,0,55.287,276.0,4.9921319659232735,1007.3623188405797,205.80941099131974,297.0,894.75,1029.5,1137.0,1522.0,1225.0,800.2572463768116,177.27807861558895,312.0,703.0,805.5,909.0,1572.0,1260.0,327.84420251846336,293.50363355751506,157.000064849854,198.999881744385,200.999975204468,222.24992513656576,1368.00003051758,1210.999965667726,-7.41032750726795,49.96501270236583,-89.2070294637641,-45.25926609307237,-14.44724711104385,34.1705545400316,89.230975317422,178.4380047811861,1.0,249.03093559859462,154.8421143862867,9.848857801796104,143.49521925743005,227.00881040171106,317.6183748182614,1087.5077011221576,1077.6588433203615,68483.50728961352,0.822463768115942,18.0,19.53442943187368,227.0,246.35086005751805,228.14537985209338,138.04094560085628,157.000064849854,197.999954223633,200.999975204468,203.000068664551,1368.00003051758,1210.999965667726
Anon08,1,10,2017-04-12T12:30:31.895000+00:00,231.67615199046327,focused,0,69.914,350.0,5.006150413364991,955.0085714285714,264.4345286200927,12.0,795.25,956.0,1103.75,2051.0,2039.0,839.8342857142857,168.20421591940328,-31.0,741.25,843.5,954.5,1353.0,1384.0,377.45713370186957,416.1439883375257,144.999980926514,198.999881744385,200.999975204468,244.499921798706,2199.99980926514,2054.999828338626,3.3286271321925103,50.562356850645074,-90.0,-38.80012395012493,2.56628460216129,43.2756631982345,89.888529752483,179.888529752483,1.0,277.94396198251917,192.34471461678626,9.055385138137417,136.92698784388708,232.3316594870359,357.4143253984093,1125.4177002340064,1116.362315095869,97002.4427318992,0.7971428571428572,23.0,19.738535915553395,279.0,239.43702262779988,235.54838515524378,171.52849055167647,144.999980926514,197.999954223633,200.000047683716,204.5000791549685,2199.99980926514,2054.999828338626
Anon08,1,11,2017-04-12T12:31:28.653000+00:00,288.4044311449585,focused,0,56.758,284.0,5.0036999189541564,950.056338028169,327.7840833181667,-157.0,741.75,906.5,1124.0,2016.0,2173.0,786.0316901408451,182.2471112503988,116.0,668.75,778.5,881.25,1464.0,1348.0,306.48944579379656,260.8377218343813,144.999980926514,198.999881744385,200.999975204468,227.499961853027,1394.00005340576,1249.0000724792458,0.09664830790903722,47.18312825254753,-90.0,-35.113894711780475,1.70050276574566,35.10049071032175,90.0,180.0,1.0,319.61527215693275,215.42538260821144,38.47076812334269,156.76951653228537,263.86549603917524,439.84619214930206,1149.305877475618,1110.8351093522754,90451.12202041197,0.8345070422535211,19.0,20.08527432256246,237.0,250.53736918143696,226.21519253726757,125.63188334613751,144.999980926514,198.000192642212,200.000047683716,205.000162124634,1394.00005340576,1249.0000724792458
Anon08,1,12,2017-04-12T12:32:19.591000+00:00,339.3420991678467,not_focused,1,50.938,254.0,4.986454120695748,915.2125984251968,418.1807172529893,-250.0,718.0,889.5,1187.5,1852.0,2102.0,699.3031496062993,206.62164114270595,83.0,571.5,695.5,824.25,1333.0,1250.0,317.0669294717745,305.5900339655847,157.999992370605,192.000150680542,200.999975204468,215.74991941451998,1381.00004196167,1223.000049591065,-1.9324320472908665,50.142917622288365,-88.043046776073,-43.7455483773185,5.97033312677673,35.190906793365826,89.6062207739132,177.64926754998618,1.0,329.7566268388788,236.93018155009767,5.0,143.60013927569847,264.3671689147501,448.35700061446573,1227.3357323894713,1222.3357323894713,83428.42659023634,0.8582677165354331,11.0,12.956928030154305,219.0,257.96065805489025,222.95890333445664,133.67978968132473,157.999992370605,191.499948501587,200.000047683716,210.999965667725,1381.00004196167,1223.000049591065
Anon08,1,13,2017-04-12T12:32:59.686000+00:00,379.4413141964569,focused,0,40.095,201.0,5.013093901982791,1001.8557213930349,294.96210074385135,250.0,792.0,945.0,1173.0,2202.0,1952.0,686.8258706467661,193.9081039140589,278.0,553.0,684.0,802.0,1301.0,1023.0,273.258699113457,223.4765815265616,154.000043869019,197.000026702881,200.999975204468,209.000110626221,1201.99990272522,1047.999858856201,-6.872029733871213,51.38026648396476,-89.0833457436147,-49.2809514231376,-10.2348027634232,39.8492305551229,88.6599922191003,177.743337962715,1.0,330.50379703764133,201.95847381009202,19.4164878389476,185.80828502680558,291.685882821025,439.3552059032992,1080.92645448245,1061.5099666435024,66100.75940752827,0.8955223880597015,8.0,11.971567527123083,180.0,269.36026936026934,216.93333254920128,108.50306273757859,154.000043869019,197.000026702881,200.000047683716,203.999996185303,1201.99990272522,1047.999858856201
Anon08,1,14,2017-04-12T12:33:45.617000+00:00,425.383717038147,focused,0,45.931,229.0,4.985739478783393,987.0262008733624,314.4547776291151,41.0,839.0,979.0,1173.0,1936.0,1895.0,681.3100436681223,149.56383437899206,266.0,599.0,684.0,759.0,1270.0,1004.0,253.83842980497275,148.54530826756874,161.00001335144,198.999881744385,200.999975204468,211.999893188477,1201.99990272522,1040.99988937378,4.332548195086203,44.31822542518218,-89.7031333326753,-28.3007557660064,12.4297230184545,36.03665505998,85.5457370427202,175.2488703753955,1.0,318.4228644088374,238.4667536147667,8.54400374531753,145.3303206319354,245.41779217786058,448.48663936084347,1186.81801469307,1178.2740109477525,72600.41308521494,0.8558951965065502,18.0,23.513531166314692,197.0,257.3425355424441,219.13705622484244,98.78103038672894,161.00001335144,198.999881744385,200.000047683716,202.000141143799,1201.99990272522,1040.99988937378
Anon09,2,0,2017-04-11T09:20:15.229000+00:00,41.70723809918213,focused,0,42.418,212.0,4.997878259229572,1064.004716981132,307.5292361871072,193.0,858.0,1069.0,1275.0,1901.0,1708.0,452.54716981132077,197.57251508852417,51.0,300.75,435.0,593.0,978.0,927.0,338.74528363065883,283.0470007572819,0.0,198.999881744385,200.999975204468,220.50005197524976,1199.00012016296,1199.00012016296,-6.626089933992227,43.548753612831824,-86.6701812711483,-37.20655382428075,-6.62896138850655,20.078985687228826,88.2901859558585,174.9603672270068,1.0,310.18522451598733,220.04590957650274,2.0,150.05995900255618,242.63965051079347,415.7369013161271,1137.9969244246665,1135.9969244246665,65449.08237287333,0.7405660377358491,27.0,38.19133386769768,158.0,223.490027818379,234.0379727037648,150.28934291998053,0.0,198.000192642212,200.000047683716,202.00008153915425,1199.00012016296,1199.00012016296
Anon09,2,1,2017-04-11T09:21:21.675000+00:00,108.18002200572205,not_focused,1,66.446,332.0,4.9965385425759266,1218.6084337349398,321.7068236932499,-16.0,1017.5,1250.0,1457.25,1971.0,1987.0,460.394578313253,181.79361817500507,35.0,317.5,467.5,586.0,1020.0,985.0,300.5391495773591,224.74129743160222,144.999980926514,199.000120162964,200.999975204468,220.000028610229,1197.99995422363,1052.999973297116,-4.217222391383929,43.45345522643112,-89.1449026037333,-35.37203855415,-4.11490909823725,20.7499935208717,88.1939747023987,177.33887730613202,1.0,328.72898131491644,233.58889840908859,11.40175425099138,163.96493492843763,267.9888057363591,419.1789336398931,1507.1831341943819,1495.7813799433904,108809.29281523734,0.8042168674698795,31.0,27.99265569033501,267.0,241.09803449417572,228.22096999664888,120.95775527031536,144.999980926514,198.999881744385,200.000047683716,202.0000219345095,1197.99995422363,1052.999973297116
Anon09,2,2,2017-04-11T09:22:09.330000+00:00,155.83559881307983,not_focused,1,47.655,238.0,4.994229356835589,1034.735294117647,321.0437699126139,-1.0,841.0,1009.0,1190.25,2342.0,2343.0,941.0336134453781,224.9402323147947,248.0,885.0,992.0,1081.75,1381.0,1133.0,292.82353305015255,244.14970955492214,154.999971389771,199.000120162964,200.000047683716,214.00016546249427,1387.00008392334,1232.000112533569,-2.5857303337546544,46.50052982328585,-88.1373790506933,-37.370088169525374,-6.543423689562485,30.9161291286519,85.5635255143426,173.7009045650359,1.0,389.09877109485325,329.1138189534829,5.656854249492381,164.90603384958357,285.80062981036275,524.0734681320931,1964.9582692769839,1959.3014150274914,92216.40874948022,0.7941176470588235,26.0,32.73528485993075,190.0,239.21938936103243,223.81578746594897,116.8924166383255,154.999971389771,198.999881744385,200.000047683716,201.99990272522,1387.00008392334,1232.000112533569
Anon09,2,3,2017-04-11T09:23:08.175000+00:00,214.66554998283385,focused,0,58.845,294.0,4.9961763956156,1027.1326530612246,361.15606057525906,142.0,801.75,1012.0,1174.75,2537.0,2395.0,977.3571428571429,232.66651194856766,18.0,921.0,1042.5,1115.0,1371.0,1353.0,346.8673415735467,278.1307292188783,161.999940872192,199.999809265137,200.999975204468,359.9998950958255,1199.99980926514,1037.999868392948,-1.5893077383803618,46.026385392481515,-89.0906195508009,-33.3195383306832,-9.222332618413944,34.327585061798125,88.6360724683971,177.726692019198,1.0,421.063122492589,381.97747166071605,15.0,161.40012391568973,285.07016680108774,496.4443574057419,2287.4828961109197,2272.4828961109197,123371.49489032858,0.7653061224489796,28.0,28.549579403517715,225.0,229.41626306398166,237.6844448513456,148.22679761199433,161.999940872192,198.999881744385,200.999975204468,203.000068664551,1199.99980926514,1037.999868392948
Anon09,2,4,2017-04-11T09:23:55.347000+00:00,261.81336593133545,focused,0,47.172,236.0,5.00296786229119,1029.0254237288136,318.33306462194605,-83.0,830.75,1012.0,1206.25,2330.0,2413.0,962.6652542372881,174.91775979310117,125.0,901.0,984.5,1072.25,1371.0,1246.0,274.9745815487232,205.1545721064663,164.000034332275,198.999881744385,200.000047683716,203.999996185303,1203.00006866455,1039.0000343322752,-3.481853718773998,42.404701579250776,-85.9143832200251,-34.80663225271025,-3.80144070450327,23.196937394831476,88.8348227618113,174.74920598183638,1.0,377.8778159946265,302.989907156502,5.0,185.0972461793546,291.5681738461864,449.1702911296627,1717.0489218423568,1712.0489218423568,88801.28675873722,0.8177966101694916,25.0,31.798524548460954,193.0,245.48460951411857,219.5181377193472,100.7554413352364,164.000034332275,198.999881744385,200.000047683716,200.999975204468,1203.00006866455,1039.0000343322752
Anon09,2,5,2017-04-11T09:24:42.007000+00:00,308.48469106103516,not_focused,1,46.66,233.0,4.993570510072868,1033.1158798283261,340.53523808034976,67.0,798.0,1019.0,1229.0,2377.0,2310.0,990.1802575107296,200.6015035222426,169.0,935.0,1023.0,1113.0,1341.0,1172.0,303.510723195874,298.05022325747194,157.000064849854,199.000120162964,200.999975204468,203.999996185303,1634.0000629425,1476.9999980926461,-3.1109790012443126,38.16221330585038,-83.9667469937993,-30.4817384014528,-5.13388390084479,19.3309001420404,89.4455420227391,173.4122890165384,1.0,425.1836814216803,333.7708743067102,36.24913792078372,178.45687410911145,327.5502807116379,564.4521864817225,1948.6328540800087,1912.3837161592248,98642.61408982983,0.8283261802575107,20.0,25.717959708529794,193.0,248.1783111873125,221.8341950925522,126.67645937456548,157.000064849854,198.999881744385,200.000047683716,201.99990272522,1634.0000629425,1476.9999980926461
Anon09,2,6,2017-04-11T09:25:28.350000+00:00,354.8439268950958,focused,0,46.343,232.0,5.006149796085708,962.4525862068965,353.73644410756344,150.0,715.75,934.0,1153.75,2318.0,2168.0,965.1637931034483,225.7710903565485,104.0,887.75,1004.0,1101.75,1423.0,1319.0,302.46119663633175,253.3476175846215,176.000118255615,199.000120162964,200.000047683716,217.24998950958275,1401.99995040894,1225.999832153325,-5.710298534296945,43.0511735068153,-89.6338977651687,-32.6986647550691,-14.52360975769415,20.73611930721155,89.8010571206394,179.4349548858081,1.0,409.7702866400571,312.4345064888544,22.561028345356956,203.82559132904152,320.0390601161052,524.445263102699,1593.4632094905737,1570.9021811452167,94656.9362138532,0.8275862068965517,16.0,20.715102604492586,192.0,248.58123125391103,225.99478935201978,122.41762630488066,176.000118255615,198.999881744385,200.000047683716,201.99990272522,1401.99995040894,1225.999832153325
Anon09,1,7,2017-04-11T09:30:26.268000+00:00,36.30053795994568,focused,0,36.716,183.0,4.98420307223009,858.8032786885246,389.550020063312,-45.0,621.5,862.0,1071.5,2629.0,2674.0,631.9890710382514,215.51422782317408,-32.0,461.0,640.0,789.5,1084.0,1116.0,309.07649941783166,374.7903484817642,0.0,193.50004196167,200.999975204468,212.000131607056,1806.99992179871,1806.99992179871,6.194231705569087,40.57207151024695,-90.0,-17.0011553820003,11.8024342077835,31.96916406751775,84.1186434762325,174.1186434762325,1.0,437.054769068049,332.3336438173185,48.27007354458868,198.00774990831871,366.1986261015071,540.8245236040053,2366.2865422429295,2318.0164686983408,79543.96797038491,0.907103825136612,5.0,8.17082470857392,166.0,271.2713803246541,214.22891588096178,135.354089029309,0.0,192.99989938735973,200.000047683716,207.000017166138,1806.99992179871,1806.99992179871
Anon09,1,8,2017-04-11T09:31:28.334000+00:00,98.36744600381469,not_focused,1,62.066,310.0,4.9946830793026775,811.5354838709677,382.95671914838493,-378.0,544.0,806.5,1051.0,2190.0,2568.0,640.4645161290323,241.16686172131486,69.0,444.25,662.0,841.5,1151.0,1082.0,238.47418908149976,114.78080991012328,157.999992370605,192.999839782715,200.999975204468,214.75011110305826,786.00001335144,628.000020980835,2.7754299467872334,40.66706571690825,-88.9046118785392,-23.72914244953615,1.003751992389279,30.582959769953675,88.6468080462203,177.5514199247595,1.0,423.38909170547964,286.9878113886552,18.027756377319946,210.20228352708256,360.62445840513925,588.1666430528002,1606.5490966665163,1588.5213402891964,130827.22933699322,0.8935483870967742,18.0,17.40083137305449,277.0,267.7794605742274,211.48736382219346,63.48913348375793,157.999992370605,192.000150680542,200.000047683716,209.000110626221,786.00001335144,628.000020980835
Anon09,1,9,2017-04-11T09:32:16.269000+00:00,146.28885302861022,focused,0,47.935,240.0,5.006780014603108,888.0166666666667,415.9822709229593,-234.0,638.75,865.5,1096.75,2382.0,2616.0,674.975,245.33517761421828,-44.0,498.75,668.0,851.5,1313.0,1357.0,213.51666152477276,50.92664636876791,157.999992370605,194.000005722046,200.999975204468,208.99993181228675,409.999847412109,251.99985504150396,-4.38941199663756,43.485588625006436,-89.4006936198502,-32.86019378150823,-1.1990118992969285,22.573047161124027,90.0,179.4006936198502,1.0,443.0423578735827,319.7795862374078,34.132096331752024,208.24611417315307,372.8645866799367,553.1156343270608,1630.6293263645175,1596.4972300327654,105887.12353178627,0.9416666666666667,10.0,12.51695003650777,226.0,282.8830708250756,205.42920268742398,33.82772557458024,157.999992370605,193.000078201294,200.999975204468,207.000017166138,409.999847412109,251.99985504150396
Anon09,1,10,2017-04-11T09:33:21.660000+00:00,211.70717398283387,not_focused,1,65.391,327.0,5.000688168096526,770.5535168195719,417.32088876567184,-544.0,536.5,764.0,965.0,2477.0,3021.0,699.6636085626911,231.50962488127,71.0,540.5,715.0,883.0,1245.0,1174.0,250.37920730194193,143.2962225312685,160.000085830688,197.000026702881,200.999975204468,214.999914169312,997.999906539917,837.999820709229,-0.2415702144748801,42.3404264840414,-87.0922371365038,-28.302185461447948,-1.6823294710145,25.897474925304948,90.0,177.0922371365038,1.0,420.6831789290303,376.1547338862841,26.68332812825267,187.42597342144123,315.32442552287284,501.29956109898035,2716.7719815987502,2690.088653470498,137142.71633086388,0.8562691131498471,26.0,23.85649401293756,281.0,257.83364683213284,215.02846840013402,76.18683397292237,160.000085830688,195.99986076355,200.000047683716,206.000089645386,997.999906539917,837.999820709229
Anon09,1,11,2017-04-11T09:34:12.732000+00:00,262.75076916212464,not_focused,1,51.072,255.0,4.992951127819548,773.1882352941177,390.2542105874061,-258.0,512.5,733.0,962.0,2491.0,2749.0,630.2196078431373,196.916302534269,86.0,504.0,635.0,757.0,1160.0,1074.0,329.3647130330406,372.0487568298597,159.000158309937,197.999954223633,201.000213623047,218.999981880188,1961.99989318848,1802.999734878543,-0.3406396264037689,38.39630519368743,-88.5875135691641,-25.0538296454377,-4.19053514876118,27.68931562189985,85.1783013582343,173.7658149273984,1.0,472.5650262595307,375.870324288495,20.12461179749811,218.97045072802246,366.05819579723425,616.9776982150013,2114.0125354406014,2093.8879236431035,120031.5166699208,0.8509803921568627,13.0,15.272556390977442,217.0,254.93421052631578,225.65438231015548,144.5995146622664,159.000158309937,197.000026702881,200.999975204468,207.000017166138,1961.99989318848,1802.999734878543
Anon09,1,12,2017-04-11T09:34:49.886000+00:00,299.9190020419617,focused,0,37.154,186.0,5.00619045055714,806.9731182795699,389.1305504568851,-150.0,592.0,809.5,988.5,2519.0,2669.0,619.3333333333334,217.71258716325738,6.0,468.0,624.5,760.0,1137.0,1131.0,261.8064470188593,168.7883588529019,162.999868392944,194.999933242798,200.500011444092,215.999841690063,807.999849319458,644.999980926514,-3.4229874447613873,39.75866781955172,-88.9241493792087,-32.6314341232851,-2.23887921708288,22.34435463369405,86.8919690650002,175.81611844420888,1.0,462.68234911346116,380.5050563039908,41.048751503547585,213.03755537463343,331.5177219998955,601.7781983422132,2840.825584227233,2799.7768327236854,85596.23458599031,0.8870967741935484,8.0,12.919201162728104,166.0,268.07342412660813,216.71084179935693,91.71164006081854,162.999868392944,191.24996662139898,199.49996471405052,209.000110626221,807.999849319458,644.999980926514
Anon09,1,13,2017-04-11T09:35:40.043000+00:00,350.0506779885559,not_focused,1,50.157,251.0,5.004286540263573,770.9322709163347,402.4250188683323,-205.0,492.5,725.0,949.5,2347.0,2552.0,629.8844621513945,183.11624820366103,-1.0,513.0,650.0,769.0,1116.0,1117.0,217.13146935421167,74.90710822436165,152.999877929688,197.999954223633,200.000047683716,203.999996185303,597.999811172485,444.999933242797,-1.9235613732821062,34.22834671698302,-82.5120401427298,-20.6929423692822,-3.5407336715429,18.87231239671185,87.7903265382562,170.30236668098598,1.0,495.19506355751935,383.7350349241835,22.67156809750927,245.31826048600897,380.704397160039,610.2901288389864,2008.864853592695,1986.1932854951858,123798.76588937984,0.9322709163346613,11.0,13.158681739338478,234.0,279.921047909564,205.0341866974139,41.65382054958076,152.999877929688,197.999954223633,200.000047683716,203.000068664551,597.999811172485,444.999933242797
Anon09,1,14,2017-04-11T09:36:23.486000+00:00,393.51953096376036,not_focused,1,43.443,217.0,4.99505098634993,952.8571428571429,425.270933275025,75.0,693.0,922.0,1166.0,2807.0,2732.0,637.0875576036866,198.46950498098877,108.0,478.0,643.0,793.0,1086.0,978.0,285.9539238538613,254.2339566806724,149.999856948853,195.99986076355,200.999975204468,215.000152587891,1403.00011634827,1253.000259399417,-6.156872144125224,40.40281959152992,-90.0,-28.9342119983937,-5.21828337347118,15.1211608788076,89.5060831013813,179.5060831013813,1.0,473.56353852612654,357.6424165654322,34.17601498127012,225.67630464134695,374.67605883623764,600.3813000183998,2166.5883319172567,2132.4123169359864,102289.72432164333,0.8755760368663594,11.0,15.192320972308544,190.0,262.4128167944203,217.8736849835046,111.25980633332752,149.999856948853,193.250060081482,200.000047683716,210.999965667725,1403.00011634827,1253.000259399417
Anon09,1,15,2017-04-11T09:37:11.531000+00:00,441.55934787792967,not_focused,1,48.045,240.0,4.995316890415236,941.9625,425.9870922462516,-2.0,697.25,908.0,1116.0,3057.0,3059.0,534.2875,174.16495010118996,-71.0,415.75,557.0,649.75,940.0,1011.0,251.63333714008346,123.22807692598747,168.999910354614,197.999954223633,200.000047683716,210.000038146973,599.999904632568,430.999994277954,-2.5773469280251406,38.293211742465225,-87.7688253919687,-24.80988297054065,-3.795969185424735,22.698698979638877,88.579734453601,176.3485598455697,1.0,464.039553005788,412.32031504664366,11.661903789690601,225.54280367101222,362.4044701711059,568.2008989815203,2910.1554941274185,2898.4935903377277,110905.45316838333,0.8583333333333333,18.0,22.47892600686856,206.0,257.2588198563846,216.3689344832042,72.35303522153414,168.999910354614,197.999954223633,200.000047683716,205.00010251998924,599.999904632568,430.999994277954
Anon10,1,0,2017-04-11T10:47:41.338000+00:00,45.20931005149841,focused,0,45.58,227.0,4.980254497586661,876.5022026431718,409.99514743501345,-609.0,608.5,919.0,1143.0,2074.0,2683.0,626.9559471365639,164.72601146235758,260.0,525.5,626.0,726.0,1141.0,881.0,229.42290327097356,105.09405870595133,0.0,191.0001039505005,201.99990272522,212.4999761581425,598.999977111816,598.999977111816,1.1371381670319536,35.053643919694714,-88.9362748661086,-15.1640864003855,4.04135585443149,20.54102481031545,88.929175545213,177.8654504113216,1.0,457.48972149930876,325.1370437221219,21.840329667841555,199.75762694630805,373.06080477868517,643.0323411548865,1608.2987906480562,1586.4584609802146,103392.67705884378,0.9162995594713657,10.0,13.163668275559456,209.0,275.12066695919265,207.48803718238366,60.18583546186072,0.0,190.999984741211,200.999975204468,209.000110626221,598.999977111816,598.999977111816
Anon10,1,1,2017-04-11T10:48:35.402000+00:00,99.26011499427796,focused,0,54.064,271.0,5.01257768570583,990.3247232472324,449.52141596469147,-319.0,699.0,1068.0,1285.5,1978.0,2297.0,670.6088560885609,158.00327591009776,179.0,566.5,693.0,782.5,1047.0,868.0,242.71586988244994,181.1297316563663,146.000146865845,190.50002098083502,201.99990272522,213.000059127808,1190.99998474121,1044.999837875365,3.0791890875977224,33.49599694484761,-88.4088597288054,-10.7342952917117,3.93070967748313,21.15557857369315,84.6441749571448,173.0530346859502,1.0,435.9699201688571,298.2032724014332,14.317821063276353,219.87874023656286,373.72248434252293,572.7170576986643,1846.3656192639637,1832.0477982006873,117711.87844559141,0.9298892988929889,10.0,11.097957975732465,252.0,279.6685409884581,208.01190724448557,78.41866698390922,146.000146865845,188.999891281128,200.999975204468,210.999965667725,1190.99998474121,1044.999837875365
Anon10,1,2,2017-04-11T10:49:39.290000+00:00,163.16220799618532,not_focused,1,63.888,319.0,4.993112947658402,845.8213166144201,461.68996102348297,-586.0,634.0,906.0,1164.5,2064.0,2650.0,667.2445141065831,185.31314620507996,76.0,563.0,684.0,793.5,1107.0,1031.0,246.62695932537804,170.12702078244482,144.000053405762,190.000057220459,201.000213623047,217.000007629395,1206.00008964539,1062.0000362396281,-0.6497999768612176,38.39720001313906,-89.6362221611354,-19.06778930203705,3.27422176348542,21.9805328566602,89.4711309022106,179.107353063346,1.0,405.947198538741,275.40593992682074,13.152946437965905,195.55211498912013,341.84324417272376,547.5216657424553,1775.3382776248588,1762.1853311868929,129091.20913531964,0.8934169278996865,19.0,17.84372652141247,285.0,267.65589782118707,210.9824557053416,78.89902690370018,144.000053405762,188.999891281128,200.000047683716,213.99998664856,1206.00008964539,1062.0000362396281
Anon10,1,3,2017-04-11T10:50:32.853000+00:00,216.70100683024597,focused,0,53.563,268.0,5.003453876743274,969.973880597015,402.95430844068557,-88.0,693.25,976.0,1241.25,1884.0,1972.0,808.1044776119403,146.69860811112713,358.0,734.5,810.0,905.75,1175.0,817.0,222.8507452936315,97.77426885114939,156.999826431274,186.000108718872,200.000047683716,219.000101089478,781.000137329102,624.0003108978281,0.9012702906027362,31.506673630772212,-83.4474453291707,-16.322184553991576,2.57643698252811,18.30905623979745,87.2325696077326,170.68001493690332,1.0,441.6966706046744,292.46096870855126,17.46424919657298,210.86805038394002,379.47595444243893,596.3854624936539,1631.1529664626798,1613.6887172661068,117933.01105144806,0.9216417910447762,14.0,15.68246737486698,247.0,276.68353154229595,206.01214571037755,52.49387852853916,156.999826431274,185.0000619888305,199.000120162964,216.000080108643,781.000137329102,624.0003108978281
Anon10,1,4,2017-04-11T10:51:26.553000+00:00,270.4081819294281,not_focused,1,53.7,268.0,4.990689013035381,976.276119402985,294.037727089748,164.0,747.75,992.5,1172.5,1773.0,1609.0,811.9626865671642,131.42680879635748,397.0,731.75,809.5,891.0,1207.0,810.0,305.9589578144587,313.80929179049804,128.999948501587,186.750054359436,200.999975204468,223.999977111816,1581.00008964539,1452.0001411438031,2.8213630861576138,37.36808354533098,-88.9390883097358,-14.58951426844315,4.00597760400621,21.8909889618965,86.5834118082287,175.5225001179645,1.0,342.5000744304506,207.24394098516098,16.278820596099706,184.5453227536823,307.001628660175,481.3626957411024,1052.97530835248,1036.6964877563803,91447.51987293031,0.8656716417910447,15.0,16.75977653631285,232.0,259.21787709497204,219.27586095086463,129.94472638548098,128.999948501587,184.000015258789,199.999809265137,217.999994754791,1581.00008964539,1452.0001411438031
Anon10,1,5,2017-04-11T10:52:04.947000+00:00,308.80240008010867,focused,0,38.394,192.0,5.000781372089389,1067.5677083333333,343.9071240886337,153.0,840.25,1084.0,1297.0,2164.0,2011.0,704.9791666666666,172.61617339047993,306.0,589.75,704.0,824.25,1208.0,902.0,263.328122595946,151.24783996773968,153.000116348267,193.000078201294,202.000141143799,217.999994754791,753.000020980835,599.9999046325679,0.7449076967693232,35.66496006019194,-87.5529513576764,-16.96248600272635,1.3985719771677003,18.97561948307855,87.5104470780009,175.0633984356773,1.0,397.8257758423612,246.96273905956016,11.704699910719626,206.67966027818957,356.8669219751251,552.9266423172751,1252.954907408882,1241.2502074981624,75984.723185891,0.8697916666666666,11.0,17.190185966557276,167.0,260.978277855915,217.68263285745408,85.24906204756616,153.000116348267,191.999912261963,200.999975204468,207.99994468689,753.000020980835,599.9999046325679
Anon10,1,6,2017-04-11T10:52:50.467000+00:00,354.302016912262,focused,0,45.52,228.0,5.008787346221441,1118.3333333333333,326.43111808435344,253.0,866.5,1112.0,1346.25,2020.0,1767.0,905.828947368421,118.02015009614475,583.0,827.25,906.0,983.25,1178.0,595.0,243.51753686603755,100.89194993532361,141.999959945679,192.74991750717174,201.99990272522,220.000028610229,606.99987411499,464.999914169311,-3.2999385625524678,38.54190523194575,-88.6830875942068,-22.6534793645493,-2.25237140974296,14.9492129704024,88.8308606720926,177.5139482662994,1.0,365.3516393155653,243.33363710055235,8.0,189.36166539492154,312.385979198811,486.412929043743,1331.893764532292,1323.893764532292,82934.82212463333,0.8596491228070176,18.0,23.725834797891036,196.0,258.3479789103691,215.64795776289344,64.16872192659844,141.999959945679,191.00016355514526,200.000047683716,211.99995279312174,606.99987411499,464.999914169311
Anon10,1,7,2017-04-11T10:53:53.970000+00:00,417.8230291220703,focused,0,63.503,317.0,4.991890146922192,992.1198738170347,349.56645272847646,-50.0,751.0,997.0,1225.0,1857.0,1907.0,843.7413249211356,167.25294684746035,300.0,732.0,859.0,965.0,1299.0,999.0,225.26182361205673,97.83752667277653,138.999938964844,190.000057220459,200.999975204468,216.000080108643,797.999858856201,658.999919891357,5.2922522078187075,32.75653589127483,-83.4430535018366,-13.8648463481689,4.8699417162811,22.3012928653181,88.8618229925118,172.3048764943484,1.0,404.0728248742335,236.6920306812851,10.04987562112089,222.55990543184666,360.59742283532375,550.3611865795771,1254.7358287703432,1244.6859531492223,127687.0126602578,0.917981072555205,16.0,15.117396028534085,292.0,275.89247752074704,207.9760268942951,54.0868872460012,138.999938964844,188.999891281128,200.000047683716,213.99998664856,797.999858856201,658.999919891357
Anon10,1,8,2017-04-11T10:54:38.440000+00:00,462.3038131106262,focused,0,44.47,223.0,5.014616595457612,931.6995515695068,328.60811825176324,60.0,702.0,924.0,1159.0,2006.0,1946.0,845.4977578475336,191.75881419138173,235.0,717.0,876.0,995.5,1248.0,1013.0,213.0403614899503,67.69446473655194,134.000062942505,186.4999532699585,200.999975204468,215.999960899353,605.000019073486,470.999956130981,3.4439713499770495,35.60931881246674,-88.2773379283772,-16.74475700817595,7.1250163489018,22.0112831979194,86.8201698801358,175.097507808513,1.0,377.5496971878879,247.44094942153671,24.186773244895647,178.42064411453293,315.74164467666446,523.2830242906016,1299.0119322007786,1274.825158955883,83816.03277571111,0.9461883408071748,8.0,10.793793568698,212.0,286.035529570497,203.8490581062605,40.647301794443734,134.000062942505,185.75006723403925,200.500011444092,214.999914169312,605.000019073486,470.999956130981
Anon10,2,9,2017-04-11T10:59:10.598000+00:00,56.06042111062622,focused,0,56.513,282.0,4.990002300355671,894.0744680851063,320.57507853750434,-514.0,677.5,907.5,1126.25,1758.0,2272.0,475.92198581560285,197.03382259683326,-49.0,350.25,464.5,614.25,1004.0,1053.0,226.6453986472273,102.97843787828586,0.0,194.000005722046,201.000213623047,212.000131607056,811.000108718872,811.000108718872,-5.587900515796368,44.08066277794441,-89.1574757392596,-38.02246223183505,-4.584448714461905,28.716891236902025,89.781314880577,178.9387906198366,1.0,350.09798378800775,232.1852240346646,26.92582403567252,188.08774548066654,306.04084694693944,460.87091468219165,1678.186223277977,1651.2603992423044,98377.53344443018,0.9078014184397163,17.0,18.04894449064817,256.0,271.7958699768195,207.3281276971103,56.176922185821304,0.0,193.00001859664926,200.999975204468,209.999799728394,811.000108718872,811.000108718872
Anon10,2,10,2017-04-11T10:59:52.671000+00:00,98.14983097520447,focused,0,42.073,210.0,4.991324602476648,847.7190476190476,322.9515695949702,-97.0,603.5,870.5,1047.75,1903.0,2000.0,657.2476190476191,204.58344582065985,198.0,515.5,681.0,792.5,1274.0,1076.0,238.4952363513765,179.8771641307093,137.00008392334,192.99989938735973,200.999975204468,210.000038146973,1187.00003623962,1049.9999523162799,-3.568872308507062,45.768901370676716,-88.2321729441439,-42.96293215915125,-6.00900595749452,32.055961298080824,82.9489136481501,171.18108659229398,1.0,391.5724307085705,222.45077500079745,37.64306044943742,224.80213522117623,343.1180554852805,496.1370778323265,1239.927820479886,1202.2847600304485,81838.63801809124,0.9476190476190476,5.0,7.130463717823782,199.0,283.79245596938654,206.83417008749814,74.00432937139405,137.00008392334,192.000150680542,200.999975204468,207.99994468689,1187.00003623962,1049.9999523162799
Anon10,2,11,2017-04-11T11:00:54.587000+00:00,160.0545920076294,focused,0,61.916,310.0,5.006783383939531,907.5258064516129,395.0873292338339,21.0,628.5,889.5,1148.0,2175.0,2154.0,539.0806451612904,233.91865820760927,-61.0,371.25,542.5,701.75,1165.0,1226.0,213.6032304456158,52.43244993096066,154.999971389771,190.999984741211,202.999830245972,211.999893188477,420.000076293945,265.000104904174,-4.0153423817151195,44.05924331932303,-89.3738415464648,-34.28419693302117,-2.705254928658185,27.049846460228625,89.814876962407,179.1887185088718,1.0,368.22623047891784,217.6951190774262,30.479501308256342,209.97618912629116,329.6846978553903,501.51171471860954,1210.4412418618263,1179.9617405535698,113781.90521798561,0.9290322580645162,16.0,15.504877576070806,288.0,279.08779636927454,204.927086002297,34.208682505683285,154.999971389771,190.750002861023,200.999975204468,210.000038146973,420.000076293945,265.000104904174
Anon10,2,12,2017-04-11T11:01:52.793000+00:00,218.28928802861023,not_focused,1,58.206,291.0,4.999484589217606,1430.106529209622,253.75200774581603,825.0,1246.0,1436.0,1584.5,2152.0,1327.0,581.4845360824743,186.64957592734288,68.0,460.0,577.0,723.5,1119.0,1051.0,245.43642014572305,138.93782250288632,144.999980926514,190.999984741211,202.999830245972,216.000080108643,798.999786376953,653.999805450439,-1.5922626203252463,44.19857308701599,-89.5993367442078,-35.294119219235995,2.48126480119582,33.42001509777115,88.3397176310172,177.939054375225,1.0,324.3132894828383,196.12096176628114,25.709920264364882,173.86741705168325,289.0501685730774,443.8590303473162,959.1522298363279,933.442309571963,94050.8539500231,0.8831615120274914,19.0,19.58560973095557,257.0,264.92114215029375,212.081709724456,74.05863185280211,144.999980926514,190.000057220459,200.000047683716,213.99998664856,798.999786376953,653.999805450439
Anon10,2,13,2017-04-11T11:02:35.365000+00:00,260.83824610490416,not_focused,1,42.572,213.0,5.003288546462463,1368.774647887324,236.2262898462984,805.0,1200.0,1376.0,1520.0,2105.0,1300.0,575.4600938967136,164.73972801048234,157.0,453.0,568.0,690.0,980.0,823.0,305.0093964231966,255.13551274609978,137.00008392334,194.000005722046,203.999996185303,220.000028610229,1197.00002670288,1059.9999427795399,4.894202670931457,46.672662315604754,-89.3124836453609,-33.0455171975069,-0.135131304900796,43.2030747273041,88.2170495204264,177.5295331657873,1.0,291.50946238915265,164.92105698090958,37.12142238654117,166.15164301669316,266.14469397854305,393.7690809030145,935.0358281905566,897.9144058040154,61800.006026500356,0.8309859154929577,16.0,22.550032885464624,177.0,249.45973879545238,224.0112999738274,124.41756519913504,137.00008392334,193.000078201294,201.99990272522,210.999965667725,1197.00002670288,1059.9999427795399
Anon10,2,14,2017-04-11T11:03:28.654000+00:00,314.1312280152588,focused,0,53.289,266.0,4.9916493084876805,1406.1804511278197,224.95205285572968,800.0,1261.0,1396.5,1550.25,2287.0,1487.0,652.6390977443609,160.8586377180574,-50.0,535.25,662.0,762.5,1047.0,1097.0,311.8721775542527,292.2138559207609,154.999971389771,193.000078201294,203.999996185303,224.000155925751,1401.99995040894,1246.9999790191691,2.2388096902073946,45.6659395150176,-89.0768850453876,-29.982570784904027,5.705176575782405,38.66021030178955,89.6697686163205,178.74665366170808,1.0,285.9402181201679,167.56051894896783,8.48528137423857,161.91973320136123,255.36248745655655,388.0850422265718,1172.7062718345119,1164.2209904602732,75774.1578018445,0.8233082706766918,22.0,24.77059055339751,219.0,246.57996959972976,223.63926939768345,132.78534190636077,154.999971389771,191.999912261963,200.999975204468,210.999965667725,1401.99995040894,1246.9999790191691
Anon10,2,15,2017-04-11T11:04:37.884000+00:00,383.36183498283384,not_focused,1,69.23,346.0,4.997833309258992,1438.4161849710983,194.30080717455232,715.0,1313.0,1416.5,1592.5,1954.0,1239.0,493.2976878612717,174.5107143318694,168.0,360.25,472.5,615.5,1018.0,850.0,338.8410448338945,307.6435028749979,158.999919891357,196.000099182129,203.999996185303,235.25005578994725,1417.99998283386,1259.000062942503,-3.509418244819251,49.21829767125858,-88.025065989118,-48.94376685961278,0.1551874839423545,34.22068045209525,88.7811247648687,176.8061907539867,1.0,266.124423484561,149.33537756715916,4.47213595499958,158.51813776347487,234.77648945326703,352.1491161425796,823.0674334463732,818.5952974913737,91812.92610217354,0.7630057803468208,37.0,32.067022966921854,265.0,229.66921854687274,233.6792442033877,147.24816926176777,158.999919891357,194.000005722046,201.99990272522,210.000038146973,1417.99998283386,1259.000062942503
Anon11,1,0,2017-04-06T09:44:31.073000+00:00,48.320522856948855,not_focused,1,48.754,243.0,4.98420642408828,1334.7037037037037,360.23792244595177,437.0,1097.5,1280.0,1518.0,2843.0,2406.0,630.0987654320987,185.82178317236253,81.0,515.0,607.0,756.0,1365.0,1284.0,259.325102032948,164.2590886338979,0.0,197.999954223633,200.000047683716,212.0000123977665,832.000017166138,832.000017166138,6.717220826494842,37.21458529361141,-85.1294189859995,-15.0002857611012,7.03435854558247,29.824014446241698,90.0,175.1294189859995,1.0,331.33331017358216,244.89608600652983,12.041594578792296,163.3401165623115,283.28517368820064,443.03068888032544,1599.0450275086064,1587.0034329298142,80182.66106200688,0.8518518518518519,19.0,23.38269680436477,208.0,255.9789965951512,215.11538441364593,88.17113628223306,0.0,197.999954223633,200.000047683716,203.000068664551,832.000017166138,832.000017166138
Anon11,1,1,2017-04-06T09:45:31.704000+00:00,108.93755295994568,focused,0,60.631,303.0,4.997443551978361,1290.019801980198,277.91696816142763,338.0,1116.0,1284.0,1485.0,2301.0,1963.0,656.046204620462,174.8975688261694,293.0,523.5,646.0,798.0,1119.0,826.0,288.42903757252714,250.32639325168805,157.999992370605,198.999881744385,200.999975204468,213.99998664856,1199.99980926514,1041.999816894535,0.20319630317324502,42.27605853903736,-90.0,-27.16063825136785,-0.725224299059252,31.18362483257215,87.2098141390072,177.2098141390072,1.0,300.158815372309,226.3709377290553,9.055385138137417,147.9616071291064,237.40891342937616,400.1795784588094,1540.2921800749364,1531.236794936799,90647.96224243732,0.8613861386138614,19.0,18.802262868829477,261.0,258.28371625076284,218.283525371917,114.20332862652475,157.999992370605,198.999881744385,200.000047683716,201.99990272522,1199.99980926514,1041.999816894535
Anon11,1,2,2017-04-06T09:46:27.036000+00:00,164.29703290653993,not_focused,1,55.332,277.0,5.006144726378949,1562.4548736462093,321.91801479945303,136.0,1345.0,1552.0,1793.0,2539.0,2403.0,550.6931407942238,160.80854949890096,249.0,439.0,519.0,631.0,1255.0,1006.0,224.61732802408284,82.05637353267223,160.000085830688,198.999881744385,200.000047683716,204.999923706055,600.000143051147,440.000057220459,0.2777312539718815,42.49373031029691,-88.7546357332316,-23.4241246780385,-2.03503445685989,23.1666797514155,88.6320025877737,177.3866383210053,1.0,343.725565402133,220.29214010792984,16.64331697709324,180.04845907773927,291.8156929052574,456.6212989314723,1338.0418528581233,1321.39853588103,94868.25605098871,0.9133574007220217,15.0,16.26545217957059,253.0,274.343960095424,207.90908930329954,47.527608458130786,160.000085830688,198.999881744385,200.000047683716,202.000141143799,600.000143051147,440.000057220459
Anon11,1,3,2017-04-06T09:47:04.970000+00:00,202.2439130896454,not_focused,1,37.934,190.0,5.008699319871356,1373.6052631578948,305.6732465501514,248.0,1202.75,1394.0,1573.25,2403.0,2155.0,661.6473684210526,147.12671541161936,292.0,564.25,661.5,755.0,1228.0,936.0,215.83684243653965,54.96955383359459,157.000064849854,197.999954223633,200.999975204468,204.999923706055,404.000043869019,246.999979019165,2.0386733127263335,38.62511161970339,-83.1335701975023,-22.17837139036255,3.024178314619455,25.25128554909035,88.2965383899489,171.4301085874512,1.0,342.91823012913585,234.3484328392267,22.47220505424423,175.13708916160505,293.027302482209,458.9259199478713,1534.8048735914283,1512.332668537184,64811.54549440668,0.9263157894736842,10.0,15.816945220646387,176.0,278.3782358833764,205.62500032511642,34.9677782978748,157.000064849854,197.749972343445,200.000047683716,203.000068664551,404.000043869019,246.999979019165
Anon11,1,4,2017-04-06T09:47:44.614000+00:00,241.88896309155274,focused,0,39.644,198.0,4.994450610432852,1374.6666666666667,321.19834018464917,-7.0,1215.0,1400.0,1576.25,2170.0,2177.0,668.7171717171717,143.48836157386546,369.0,578.75,654.5,746.0,1382.0,1013.0,232.60100200922818,100.31950042366483,169.999837875366,198.999881744385,200.999975204468,204.74994182586698,603.999853134155,434.00001525878906,0.11211593449699202,35.81039494823489,-86.2359651350943,-18.36247999094985,2.08256527973088,17.8625640091191,88.9769698113322,175.21293494642651,1.0,327.08047315584525,227.50605195039768,16.76305461424021,164.93938280471406,274.0894014733149,440.29081298614443,1436.028203065664,1419.2651484514238,64434.85321170151,0.898989898989899,12.0,18.16163858339219,178.0,269.3976389869842,210.06741282645248,56.84766434489314,169.999837875366,198.999881744385,200.000047683716,203.000068664551,603.999853134155,434.00001525878906
Anon11,1,5,2017-04-06T09:48:26.285000+00:00,283.53197408964536,focused,0,41.671,208.0,4.991480885987857,1452.7788461538462,318.45268809120586,287.0,1232.0,1460.0,1655.5,2331.0,2044.0,735.1442307692307,155.618302652876,279.0,636.25,760.0,828.5,1288.0,1009.0,297.54326893733116,266.1458065713664,163.000106811523,198.999881744385,200.500011444092,212.24993467330972,1433.00008773804,1269.999980926517,-6.177143576038902,40.01611366895001,-89.6396539366128,-33.3805757730708,-5.150797084902489,16.215593424432374,89.169684513742,178.8093384503548,1.0,338.74303063079714,261.6629553342083,11.704699910719626,157.7016362500886,272.6169473822198,407.9993738000601,1355.2922194124778,1343.5875195017582,70119.807340575,0.8461538461538461,14.0,20.157903578027884,176.0,253.413644980922,221.40341048890912,119.71501254938374,163.000106811523,198.999881744385,200.000047683716,201.99990272522,1433.00008773804,1269.999980926517
Anon11,1,6,2017-04-06T09:49:33.751000+00:00,351.01428890272524,focused,0,67.466,338.0,5.009930928171228,1468.3994082840236,319.57035265416573,166.0,1275.0,1481.0,1685.5,2438.0,2272.0,727.6686390532544,140.14053478513563,306.0,650.25,740.0,820.5,1205.0,899.0,381.1153836504244,449.6654443083268,162.000179290771,198.999881744385,200.999975204468,218.50007772445724,2004.99987602234,1842.999696731569,0.2252032146623931,38.070484155287694,-88.2285302599659,-26.14239665554055,-1.10641505839126,25.595792379874077,89.559271927239,177.78780218720487,1.0,335.1504242752906,230.8399774416122,5.0,176.7993212656655,277.41124706831914,421.8269787483963,1542.4584273166004,1537.4584273166004,112945.69298077295,0.8224852071005917,20.0,17.786737023093114,278.0,247.2356446209943,229.65467576500333,177.5988402681115,162.000179290771,198.999881744385,200.000047683716,202.000141143799,2004.99987602234,1842.999696731569
Anon11,1,7,2017-04-06T09:50:36.501000+00:00,413.7614650152588,focused,0,62.75,313.0,4.98804780876494,1372.7603833865815,292.380693173178,62.0,1203.0,1392.0,1553.0,2210.0,2148.0,732.3578274760383,161.53941865867802,346.0,629.0,732.0,839.0,1426.0,1080.0,231.9361097134722,119.99644506513026,157.000064849854,198.999881744385,200.000047683716,202.999830245972,806.999921798706,649.9998569488521,-3.0930731919301913,41.76684316755302,-87.436229788535,-30.5215707616226,0.118994178890461,24.6125421276784,90.0,177.436229788535,1.0,337.20228271479033,210.29584324418016,15.811388300841896,181.71972025135534,303.7409492732002,449.65826214963346,1255.704184909806,1239.892796608964,105207.11220701458,0.9201277955271565,14.0,13.386454183266933,288.0,275.3784860557769,208.22222696410302,61.14656289507402,157.000064849854,198.999881744385,200.000047683716,201.99990272522,806.999921798706,649.9998569488521
Anon11,1,8,2017-04-06T09:51:20.318000+00:00,457.56763211634825,focused,0,43.817,219.0,4.9980601136545175,1461.3150684931506,338.34687599326475,701.0,1253.5,1441.0,1655.0,2648.0,1947.0,698.8264840182649,165.6446850129095,371.0,593.0,691.0,793.0,1385.0,1014.0,226.73972665447087,107.93805769502808,165.999889373779,195.500135421753,200.999975204468,213.000059127808,800.000190734863,634.000301361084,-1.7073509222988659,38.25373133061698,-89.6007327381533,-25.512016748916302,-2.7477283746047,19.637554553078402,87.9194239498456,177.5201566879989,1.0,367.99514870876226,271.6449245287472,12.206555615733702,178.41581447490367,298.97683701084304,479.24878247294475,1386.3448344477647,1374.138278832031,80222.94241851017,0.9223744292237442,11.0,15.06264691786293,202.0,276.6049706734829,207.18316748590766,55.467959841297684,165.999889373779,194.249987602234,200.000047683716,210.000038146973,800.000190734863,634.000301361084
Anon11,2,9,2017-04-06T09:56:17.437000+00:00,58.4789329294281,not_focused,1,58.917,294.0,4.9900707775344975,706.0816326530612,295.2112701378151,-180.0,514.5,724.0,910.5,1536.0,1716.0,641.5,268.149754458822,98.0,436.5,601.0,810.0,1415.0,1317.0,254.6462558564688,160.1475801589069,0.0,198.999881744385,200.000047683716,211.249947547913,1003.99994850159,1003.99994850159,-11.74652160385377,48.62847947491485,-89.5626361324793,-48.9290311007472,-19.5427958821384,26.2602892666569,89.4569283062762,179.01956443875548,1.0,333.0801087648865,227.8799370689535,23.08679276123039,183.20753259623362,269.21552704106796,412.8655955634957,1377.2937232123002,1354.2069304510699,97592.47186811175,0.8843537414965986,16.0,16.294108661337134,260.0,264.7792657467284,213.88845993922322,81.9940803276208,0.0,198.999881744385,200.000047683716,201.99990272522,1003.99994850159,1003.99994850159
Anon11,2,10,2017-04-06T09:57:02.515000+00:00,103.58066706294251,not_focused,1,45.078,225.0,4.991348329562092,674.6044444444444,238.00741160780456,-126.0,528.0,660.0,799.0,1404.0,1530.0,561.2977777777778,257.31829877400986,-60.0,396.0,519.0,695.0,1393.0,1453.0,240.80889066060396,117.05639458258516,166.000127792358,199.000120162964,200.000047683716,201.99990272522,611.000061035156,444.999933242798,-0.14542674307869213,48.571975699868574,-87.9136446902093,-37.5429448597647,0.12846565807178,41.0698244542745,88.8911878722401,176.8048325624494,1.0,317.8387430739271,209.1084762264735,29.68164415931166,169.9672687997213,278.52531878622113,409.4590080076043,1257.49671967763,1227.8150755183183,71195.87844855967,0.8844444444444445,15.0,19.965393318248367,199.0,264.874218022095,211.94472504620592,65.851759543494,166.000127792358,198.999881744385,200.000047683716,200.999975204468,611.000061035156,444.999933242798
Anon11,2,11,2017-04-06T09:57:56.172000+00:00,157.21688097138977,not_focused,1,53.657,269.0,5.013325381590473,617.992565055762,246.23475353423876,-36.0,433.0,596.0,777.0,1331.0,1367.0,512.7992565055762,212.3191744073261,54.0,377.0,480.0,614.0,1338.0,1284.0,299.4423719143779,256.04884692175887,154.000043869019,199.000120162964,200.999975204468,203.000068664551,1398.9999294281,1244.999885559081,-12.363867586484227,44.50603347837345,-89.3097228021349,-41.5340989860128,-18.1564474482161,8.20235424462558,90.0,179.3097228021349,1.0,339.76240338178576,221.4679694381079,28.071337695236398,170.43827646476618,297.86322219612236,453.6996555406646,1221.1740252724016,1193.1026875771652,91056.32410631859,0.8364312267657993,19.0,21.24606295543918,225.0,251.5981139459903,223.0444431304933,118.5913448930267,154.000043869019,198.999881744385,200.000047683716,201.000213623047,1398.9999294281,1244.999885559081
Anon11,2,12,2017-04-06T09:58:51.711000+00:00,212.7754679027252,not_focused,1,55.539,277.0,4.987486270908731,803.9855595667871,396.24255937046416,-155.0,493.0,741.0,1127.0,1790.0,1945.0,534.7148014440434,231.03432840175682,-159.0,392.0,520.0,641.0,1577.0,1736.0,333.36822564851525,278.58218572711036,161.999940872192,199.000120162964,200.000047683716,207.99994468689,1200.99997520447,1039.0000343322781,-0.5076758188339294,46.244725069142625,-86.9123487150149,-36.2054680409241,-0.53050131667381,30.6997225508144,89.4040182413826,176.3163669563975,1.0,332.3129062068651,244.7863941177265,6.708203932499369,164.59944797751007,272.0836185825025,403.42242911812156,1316.0642081600731,1309.3560042275737,91718.36211309476,0.8050541516245487,20.0,21.606438718738183,223.0,240.91179171393074,231.37668002346723,141.0429770887824,161.999940872192,198.999881744385,200.000047683716,200.999975204468,1200.99997520447,1039.0000343322781
Anon11,2,13,2017-04-06T09:59:23.203000+00:00,244.26714313923645,focused,0,31.492,158.0,5.017147211990347,1311.7025316455697,224.52883182946616,479.0,1185.25,1316.0,1494.25,1795.0,1316.0,573.1075949367089,187.62440886802662,191.0,454.5,563.5,653.5,1479.0,1288.0,285.2405022971241,275.4648041689714,171.999931335449,198.99994134902974,200.999975204468,202.74990797042875,1401.99995040894,1230.000019073491,-7.73267458801224,46.984860731775235,-89.4727531083327,-44.1489134152476,-20.96720743350655,31.148481782219474,89.4419418732284,178.9146949815611,1.0,304.6299802957895,218.3966223619932,14.7648230602334,132.00378782444085,258.21309029559285,387.45967532118743,1022.6250534775686,1007.8602304173352,47826.90690643895,0.8544303797468354,13.0,24.768195097167535,136.0,259.1134256319065,222.30882329099333,130.4021162748098,171.999931335449,198.999881744385,200.000047683716,201.99990272522,1401.99995040894,1230.000019073491
Anon11,2,14,2017-04-06T10:00:31.508000+00:00,312.5724499580383,not_focused,1,68.305,341.0,4.992313886245516,1218.9882697947214,217.8491901686204,675.0,1065.0,1205.0,1377.0,1863.0,1188.0,366.2844574780059,234.18924477524726,-107.0,172.0,358.0,537.0,1248.0,1355.0,316.1055810989873,243.56269720504602,156.000137329102,199.999809265137,200.000047683716,205.000162124634,1195.00017166138,1039.000034332278,-7.323777236338825,45.181724705415114,-89.4455420227391,-37.1103821917202,-12.4666984873946,25.4764262898437,89.3259631020155,178.7715051247546,1.0,276.4413373931007,161.8045078019144,16.0,160.17077147930604,247.28728070546782,361.3326077769841,877.0142530198697,861.0142530198697,93990.05471365423,0.7917888563049853,29.0,25.473977014859816,271.0,238.04992313886243,230.76384005951283,129.0506864750449,156.000137329102,199.000120162964,200.000047683716,200.999975204468,1195.00017166138,1039.000034332278
Anon11,2,15,2017-04-06T10:01:24.302000+00:00,365.3672590782013,not_focused,1,52.794,264.0,5.000568246391635,1285.1780303030303,241.14751420705446,435.0,1130.75,1283.5,1447.25,1784.0,1349.0,456.5378787878788,230.66932928824406,-25.0,287.25,438.0,596.75,1326.0,1351.0,320.2689398418775,244.6180445197137,166.000127792358,199.999809265137,200.000047683716,220.250070095062,1200.00004768372,1033.999919891362,-6.857540048788957,46.2254733183232,-87.7542574341049,-37.89512711439795,-11.354347771389051,25.6140290444521,89.2646934679591,177.018950902064,1.0,313.50215413141194,205.57593242825794,5.830951894845301,170.1704990790712,259.7556544139126,420.0987803624706,1045.7805697181411,1039.9496178232957,82451.06653656134,0.7916666666666666,22.0,25.00284123195818,210.0,238.66348448687353,232.6761881510418,129.0593468718988,166.000127792358,199.000120162964,200.000047683716,200.999975204468,1200.00004768372,1033.999919891362
Anon12,2,0,2017-04-12T15:30:54.522000+00:00,35.10979904196167,focused,0,35.534,177.0,4.9811448190465475,982.6892655367232,420.51031621467195,178.0,686.0,991.0,1300.0,1979.0,1801.0,743.542372881356,258.4546199575862,206.0,538.0,712.0,936.0,1432.0,1226.0,281.8983139964822,204.16825607380122,0.0,191.999912261963,205.000162124634,220.999956130981,1005.00011444092,1005.00011444092,0.07362292648040537,41.87927816722124,-90.0,-28.3007557660064,-2.74319022356992,27.9371428265386,87.6773882965286,177.6773882965286,1.0,388.4375023484587,239.4694655923993,23.600847442411894,206.87193835363487,334.9498187340242,539.3220308236188,1133.9109312463656,1110.3100838039538,68365.00041332873,0.8531073446327684,10.0,16.88523667473406,152.0,256.65559745595766,222.19737109385048,114.01016919813027,0.0,189.000129699707,201.99990272522,211.99995279312174,1005.00011444092,1005.00011444092
Anon12,2,1,2017-04-12T15:31:56.345000+00:00,96.96653309727478,focused,0,61.823,309.0,4.998139850864565,623.84142394822,375.15071072808144,-697.0,366.0,571.0,810.0,1767.0,2464.0,756.6731391585761,219.41881151085988,196.0,606.0,734.0,887.0,1702.0,1506.0,276.92880753946156,191.65695067589746,153.000116348267,191.999912261963,203.999996185303,220.000028610229,1000.0,846.999883651733,3.0727672560447346,43.7660799439376,-89.8080550580575,-18.8635875556241,7.57467968315785,33.2012075502687,87.550337379873,177.3583924379305,1.0,387.64984453072117,267.3397456304417,9.055385138137417,194.99733334263652,325.5280732915645,530.223819259017,1535.0048859857093,1525.949500847572,119396.15211546212,0.8220064724919094,29.0,28.144865179625704,255.0,247.48071106222602,222.33333494149008,106.77961598898439,153.000116348267,190.999984741211,200.999975204468,211.999893188477,1000.0,846.999883651733
Anon12,2,2,2017-04-12T15:32:56.192000+00:00,156.78346580926512,focused,0,59.847,299.0,4.996073320300098,855.4548494983278,279.6751229245048,69.0,699.5,850.0,1016.5,1757.0,1688.0,639.9030100334448,187.33248202159479,92.0,532.5,654.0,754.0,1149.0,1057.0,417.6120319494036,508.5514489800599,143.00012588501,194.000005722046,204.999923706055,235.00001430511452,2412.99986839294,2269.99974250793,1.8497572095156483,42.52983154714329,-90.0,-32.0491318405261,6.06055079085684,33.38343014092795,85.8150838748816,175.8150838748816,1.0,296.4563352166287,171.89491786098836,14.560219778561036,167.50445867775954,256.6358578705786,395.79195266327673,838.0465380872354,823.4863183086743,88343.98789455535,0.7792642140468228,22.0,22.056243420722843,233.0,233.59566895583737,238.98712452900781,198.4872174446634,143.00012588501,191.999912261963,200.999975204468,212.000131607056,2412.99986839294,2269.99974250793
Anon12,2,3,2017-04-12T15:33:48.919000+00:00,209.50368880545045,focused,0,52.727,264.0,5.0069224495988776,861.6060606060606,257.9524344682901,-70.0,690.75,856.0,1018.0,1617.0,1687.0,603.5454545454545,168.31837003565607,164.0,480.0,607.5,718.0,1281.0,1117.0,350.9166601932411,338.6497299519739,144.999980926514,193.000078201294,206.000089645386,220.000028610229,1587.00013160706,1442.000150680546,-3.6248485699206676,42.14364474664503,-88.5875135691641,-37.97342524378688,0.2353363921110365,25.133781462458998,87.4995894356231,176.0871030047872,1.0,304.03210406861376,185.78966356405988,25.96150997149434,173.1929478113497,265.6689669494727,399.4070630788822,1063.5191582665543,1037.55764829506,79960.44337004542,0.7803030303030303,25.0,28.448423009084532,207.0,235.5529425152199,232.70531207467062,158.67432243469835,144.999980926514,190.999984741211,200.999975204468,212.4999761581425,1587.00013160706,1442.000150680546
Anon12,2,4,2017-04-12T15:34:56.957000+00:00,277.5407319752045,not_focused,1,68.038,340.0,4.9972074428995565,970.7205882352941,278.6452227553163,229.0,790.0,956.0,1126.5,1844.0,1615.0,536.4911764705882,208.35185859734696,105.0,390.75,527.5,661.0,1364.0,1259.0,348.61175943823423,318.69437082587467,147.000074386597,194.999933242798,205.9999704360965,227.24997997283901,1406.99982643127,1259.9997520446732,0.8893279910812496,41.62027504892128,-86.4236656250027,-29.135562575447523,3.52145337692226,27.294664709315178,89.0024131150965,175.4260787400992,1.0,324.4680071199851,205.121740156398,37.48332962798263,177.48222034773687,276.3548443577568,421.3059666065372,1154.1737304236308,1116.6904007956482,109994.65441367494,0.7911764705882353,28.0,24.69208383550369,269.0,237.2203768482319,232.88475802396763,154.11503951604703,147.000074386597,191.999912261963,200.000047683716,211.000204086304,1406.99982643127,1259.9997520446732
Anon12,2,5,2017-04-12T15:35:40.491000+00:00,321.0812998321533,focused,0,43.534,218.0,5.007580282078376,651.6192660550458,333.292412313697,-87.0,414.0,621.0,892.75,1780.0,1867.0,605.6192660550458,179.1794933062366,99.0,495.75,592.5,688.0,1280.0,1181.0,236.28898607481517,110.6756644878801,162.999868392944,194.000005722046,201.99990272522,212.000131607056,607.000112533569,444.000244140625,0.32203449690762137,42.59419717610518,-89.7438357775697,-28.0582821651616,2.138521151659305,26.491692485143624,88.593018121018,178.33685389858772,1.0,354.6924960114683,223.85623905005144,11.40175425099138,178.4628812946827,305.62885989382613,482.895433815645,1127.2355565719172,1115.8338023209258,76968.27163448861,0.8853211009174312,16.0,22.051729682546977,193.0,265.9989892957229,210.98445363612998,63.17706127277541,162.999868392944,193.000078201294,200.000047683716,209.999799728394,607.000112533569,444.000244140625
Anon12,2,6,2017-04-12T15:36:38.710000+00:00,379.3197711144409,not_focused,1,58.219,291.0,4.998368230302822,703.8900343642612,261.2927975507339,-70.0,545.0,698.0,874.5,1448.0,1518.0,727.639175257732,162.68168393093623,359.0,612.0,718.0,834.5,1354.0,995.0,653.2646151342752,801.4479063058565,131.999969482422,195.5000162124635,210.000038146973,806.5000772476201,2989.00008201599,2857.000112533568,1.158798750472013,39.627474703414265,-90.0,-21.0713242493413,3.32797483915034,34.4005762835665,86.486249739395,176.48624973939502,1.0,277.8711907565678,173.3431855257562,34.48187929913333,149.7209013213929,250.10520474674422,367.77768416897516,943.8924726895538,909.4105933904204,80582.64531940466,0.6632302405498282,30.0,30.917741630739105,193.0,198.90413782442158,271.134716241471,320.85331053499874,131.999969482422,190.999984741211,203.000068664551,212.000131607056,2989.00008201599,2857.000112533568
Anon12,1,7,2017-04-12T15:41:03.484000+00:00,33.3833419217987,focused,0,33.799,168.0,4.970561259208853,1061.3035714285713,456.3960237156272,-298.0,695.75,1052.0,1366.5,2956.0,3254.0,687.6547619047619,294.3953850103963,102.0,462.75,629.5,913.0,1594.0,1492.0,230.04760628654853,102.34026267425259,0.0,190.750002861023,200.999975204468,211.999893188477,644.999980926514,644.999980926514,6.266517410636893,45.822326556917034,-89.2803807076008,-26.6810565728981,11.34976507134275,41.47517320647627,88.451842301022,177.73222300862278,1.0,467.4182963656951,362.99876898203337,17.46424919657298,225.56106944082387,405.62174497923553,589.1421741500956,2885.4124488537163,2867.9481996571435,78058.85549307108,0.8928571428571429,12.0,21.302405396609366,150.0,266.28006745761706,208.53999455769866,60.638549275956095,0.0,190.000057220459,200.000047683716,209.000110626221,644.999980926514,644.999980926514
Anon12,1,8,2017-04-12T15:42:10.026000+00:00,99.91814991607666,focused,0,66.542,333.0,5.004358149740014,1049.8768768768768,453.2849071642675,-453.0,759.0,1010.0,1303.0,3194.0,3647.0,494.36036036036035,318.1648993422178,-379.0,274.0,439.0,702.0,2025.0,2404.0,252.23123347079078,184.161074806866,166.000127792358,192.000150680542,200.000047683716,211.000204086304,1193.00007820129,1026.9999504089321,2.9470570013006037,45.10728286516247,-89.2724736486493,-26.6411411449798,7.55634405643946,32.0260288469684,89.653806149539,178.9262797981883,1.0,479.23411890750094,353.66496755397094,42.80186911806539,235.7551154186783,392.7280033039393,599.5375253513491,2575.433555733869,2532.6316866158036,159105.72747729032,0.8978978978978979,18.0,16.23035075591356,299.0,269.6041597787863,211.45150573755996,84.58729266100924,166.000127792358,191.999912261963,199.000120162964,209.000110626221,1193.00007820129,1026.9999504089321
Anon12,1,9,2017-04-12T15:43:02.751000+00:00,152.66403795613098,not_focused,1,52.725,264.0,5.007112375533428,1015.030303030303,331.51690937709134,212.0,791.0,1014.5,1256.0,2002.0,1790.0,499.9280303030303,292.1365368864344,-151.0,288.75,450.5,707.25,1502.0,1653.0,225.54924361633545,92.04246711943784,165.999889373779,193.000078201294,201.99990272522,209.999799728394,625.0,459.000110626221,3.477245393570165,48.54103104716146,-86.6414237151517,-35.42894597858098,8.401193419986354,39.27490244447398,88.451842301022,175.0932660161737,1.0,408.1501376130774,272.4676165135139,9.219544457292887,209.620176373546,334.0059879702758,521.4174506511904,1428.8586354149945,1419.6390909577017,107343.48619223936,0.9053030303030303,17.0,19.34566145092461,239.0,271.977240398293,207.76568995360063,51.93063146766224,165.999889373779,192.49999523162847,201.000213623047,208.00006389617948,625.0,459.000110626221
Anon12,1,10,2017-04-12T15:43:43.927000+00:00,193.84125705531312,focused,0,41.176,206.0,5.002914319020789,825.9854368932039,572.615295365872,-1446.0,555.0,855.0,1178.0,2275.0,3721.0,398.4660194174757,329.4248685071471,-124.0,157.25,335.0,547.0,1721.0,1845.0,205.99514535329888,36.91850707139034,151.999950408936,194.000005722046,200.000047683716,207.000017166138,418.000221252441,266.000270843505,6.430011950816651,45.984813111860305,-89.5245272675521,-23.2335560669298,9.394966679026567,40.378530808619324,89.9046660122497,179.4291932798018,1.0,523.4824365223859,351.2851765132597,17.46424919657298,276.3837911311009,454.81644649242844,649.7399479791895,2374.230401624914,2356.7661524283412,107313.8994870891,0.9805825242718447,3.0,4.371478531183214,202.0,294.3462210996697,202.00494964524086,23.82891019032085,151.999950408936,194.000005722046,200.000047683716,206.000089645386,418.000221252441,266.000270843505
Anon12,1,11,2017-04-12T15:44:42.550000+00:00,252.4393420076294,focused,0,58.623,293.0,4.9980383126076795,859.5494880546075,362.63457914906365,-149.0,602.0,855.0,1096.0,1970.0,2119.0,576.7883959044368,287.0950828959357,-237.0,382.0,589.0,763.0,1673.0,1910.0,233.61433488110245,141.4171979249868,165.999889373779,193.000078201294,200.000047683716,207.99994468689,1026.99995040894,861.000061035161,-0.13671959266577374,48.73904088622782,-89.5946120984271,-37.6702522832413,4.57701114716061,38.0317432586215,89.820951271861,179.4155633702881,1.0,420.20806608625963,298.4448155159918,10.816653826391969,224.59681641204682,351.9506259821833,515.5416024436644,1805.4265423993302,1794.6098885729382,122700.75529718782,0.9351535836177475,10.0,10.234890742541324,274.0,280.4360063456323,207.2992698989647,66.67667596885087,165.999889373779,192.999839782715,200.000047683716,206.99995756149326,1026.99995040894,861.000061035161
Anon12,1,12,2017-04-12T15:45:50.815000+00:00,320.7271700648499,not_focused,1,68.265,341.0,4.995239141580605,948.3313782991203,440.56965774580163,-291.0,640.0,917.0,1240.0,2347.0,2638.0,650.9384164222874,321.07451427167854,-96.0,406.0,705.0,895.0,1535.0,1631.0,206.6246337555022,49.783940961062385,164.999961853027,190.999984741211,199.000120162964,210.000038146973,613.000154495239,448.000192642212,9.835299213562667,44.687991163970736,-89.3619887380412,-14.7392238906621,16.4293014515334,42.9389911203282,89.7735356476588,179.13552438570002,1.0,472.3154530654675,298.48854717654103,17.204650534085253,251.67178987757234,417.3489770187922,649.5739903913593,1585.2523458427684,1568.0476953086832,160587.25404225895,0.9736070381231672,7.0,6.152493957372006,332.0,291.8039991210723,201.77710846246015,28.217716107266877,164.999961853027,190.750002861023,199.000120162964,209.99985933303876,613.000154495239,448.000192642212
Anon12,1,13,2017-04-12T15:46:38.769000+00:00,368.664582038147,focused,0,47.954,240.0,5.004796263085457,1153.7,375.1583243556422,98.0,912.75,1155.5,1441.25,1994.0,1896.0,601.2333333333333,268.2124230696424,-77.0,415.5,569.5,774.0,1338.0,1415.0,252.65833636124952,185.43206511579407,165.999889373779,192.000150680542,201.5000581741335,211.000204086304,1016.00003242493,850.0001430511511,-0.5998135154553933,47.90213473238202,-89.3163119320596,-35.51855820534515,1.4919425120001,34.20395233481773,89.0451587461278,178.3614706781874,1.0,413.14836368565085,261.1778011428433,29.068883707497267,218.3860876211968,360.5551275463989,530.1690471718571,1393.878402157089,1364.809518449592,98742.45892087056,0.9,13.0,16.265587855027736,216.0,270.25899820661465,211.25000163360892,85.74365730576365,165.999889373779,191.999912261963,200.999975204468,208.999872207642,1016.00003242493,850.0001430511511
Anon12,1,14,2017-04-12T15:47:39.125000+00:00,429.0112609027252,focused,0,60.356,302.0,5.0036450394326994,1028.682119205298,309.9934066989707,289.0,819.25,1019.0,1238.5,1873.0,1584.0,562.5927152317881,277.578071494754,-199.0,374.0,558.5,750.0,1694.0,1893.0,225.0728480863256,95.88124842842379,157.999992370605,192.999839782715,200.999975204468,212.74989843368576,638.000011444092,480.000019073487,-2.233830227849886,45.80956074361261,-89.4464348141176,-41.84338337910508,0.1700151538814815,35.68518821139225,89.4198094064063,178.8662442205239,1.0,425.7717618627633,244.25777766486792,22.80350850198276,249.38724907260195,369.42387578498494,570.9404522364832,1565.0488810257652,1542.2453725237824,128157.30032069175,0.9271523178807947,13.0,12.923321625024853,280.0,278.34846576976605,206.84285674776356,53.174349095677385,157.999992370605,192.00009107589725,200.000047683716,209.99985933303876,638.000011444092,480.000019073487
Anon13,1,0,2017-04-12T14:25:40.251000+00:00,57.31793883406067,focused,0,57.738,288.0,4.98804946482386,1336.4166666666667,475.581654106025,-738.0,1059.25,1354.0,1645.0,2564.0,3302.0,720.5763888888889,252.87506741530157,179.0,532.0,679.5,878.25,1505.0,1326.0,259.17708542611877,175.25167806082237,0.0,191.999912261963,200.999975204468,214.999914169312,978.999853134155,978.999853134155,2.9129795949833266,42.70093477034909,-89.0784315527901,-29.5364137986476,6.126618697485846,35.15929501071028,88.8982938847936,177.9767254375837,1.0,479.61748037106264,375.6766476674492,12.806248474865697,228.54150285934276,370.1351104664349,650.5343006964408,2760.1639444062016,2747.357695931336,137650.21686649497,0.8888888888888888,12.0,12.470123662059649,257.0,267.06848176244415,212.2412470064275,85.90672225540673,0.0,190.999984741211,200.000047683716,210.000038146973,978.999853134155,978.999853134155
Anon13,1,1,2017-04-12T14:26:47.218000+00:00,124.28965397520447,focused,0,66.967,335.0,5.002463900129915,1369.2328358208956,432.4542589523055,-162.0,1060.5,1332.0,1653.5,2712.0,2874.0,650.444776119403,189.75263338277065,53.0,529.0,649.0,752.5,1669.0,1616.0,279.79104554475254,216.6256759641285,154.000043869019,191.999912261963,203.999996185303,218.000054359436,1212.99982070923,1058.999776840211,5.697402008969343,38.657413353691965,-84.8222900236591,-16.741255420176152,7.9269266826896,31.777840134367402,88.7981669355479,173.620456959207,1.0,431.847219451582,342.7154027986053,30.364452901377952,203.2938332297327,332.90780994012346,545.8718963778874,2877.26345682838,2846.899003927002,144236.9712968284,0.8567164179104477,21.0,18.815237355712515,287.0,257.1415771947377,219.13937159946997,105.00470370374933,154.000043869019,190.50002098083502,200.999975204468,212.9999399185185,1212.99982070923,1058.999776840211
Anon13,1,2,2017-04-12T14:27:50.925000+00:00,187.9778849923706,focused,0,63.707,318.0,4.991602178724473,1250.4182389937107,466.53864385302495,-76.0,958.75,1237.5,1547.0,2825.0,2901.0,572.811320754717,241.58938264946045,43.0,408.5,540.5,710.5,1470.0,1427.0,264.5786100963378,211.29801410692687,125.0,192.25007295608523,203.000068664551,218.75011920929,1200.99997520447,1075.99997520447,4.202500189908251,39.560693715971595,-87.7974018382342,-20.421881862673626,10.068127816442246,30.7822128877309,89.4914709317679,177.28887277000211,1.0,529.5972964456911,391.0341866680663,39.395431207184416,261.8110005328271,415.62122178733847,702.0327627682343,2450.36752345439,2410.972092247205,167882.34297328407,0.8805031446540881,18.0,16.95261117302651,280.0,263.70728491374575,214.51428362301428,94.0892690019494,125.0,190.999984741211,200.999975204468,210.000038146973,1200.99997520447,1075.99997520447
Anon13,1,3,2017-04-12T14:28:46.755000+00:00,243.83922621934508,focused,0,55.83,280.0,5.015224789539674,1592.3714285714286,495.39081747728864,273.0,1239.5,1672.0,1947.75,2738.0,2465.0,858.6857142857143,243.37751644349578,423.0,673.75,841.5,993.5,1818.0,1395.0,351.1000062738146,407.1544065382677,160.000085830688,195.99986076355,203.000068664551,223.999977111816,2008.00013542175,1848.000049591062,10.337744242632752,36.75870266252705,-84.9343897649468,-12.160403090137025,13.3144911938615,32.05870390719677,90.0,174.9343897649468,1.0,450.1061538450323,281.5627957968262,13.0,240.71009972488446,391.3118960624632,602.5020084711201,1926.5183622275704,1913.5183622275704,125579.616922764,0.8071428571428572,24.0,25.792584631918324,226.0,242.88017195056423,229.24778524753276,161.7773676098534,160.000085830688,192.999839782715,200.999975204468,209.750056266785,2008.00013542175,1848.000049591062
Anon13,1,4,2017-04-12T14:29:49.997000+00:00,307.0592030915527,not_focused,1,63.242,316.0,4.996679421903166,1266.629746835443,629.7748735807162,-1934.0,853.5,1279.5,1753.75,2512.0,4446.0,768.5,245.9420213141733,150.0,599.75,762.5,935.25,1594.0,1444.0,270.61075726641883,213.16810511213757,151.999950408936,193.000078201294,200.999975204468,214.249968528748,1203.9999961853,1052.000045776364,2.871074832278008,38.46512243651658,-88.8002637618786,-21.6261251844818,1.810783616157925,30.9376466757104,90.0,178.8002637618786,1.0,529.3045449078427,500.75859628744723,19.1049731745428,247.47703052809413,391.934943581202,648.3251302319843,3864.2899735915266,3845.1850004169837,166730.93164597044,0.879746835443038,16.0,15.179785585528606,279.0,264.69751114765506,215.8136196888477,99.59599892698432,151.999950408936,191.999912261963,200.000047683716,210.000038146973,1203.9999961853,1052.000045776364
Anon13,1,5,2017-04-12T14:30:35.695000+00:00,352.76343003623964,focused,0,45.698,228.0,4.989277430084467,1511.0657894736842,434.943886344246,16.0,1240.0,1543.0,1759.5,2847.0,2831.0,769.4342105263158,237.93781449463225,282.0,598.75,761.5,907.25,1575.0,1293.0,261.8464796166672,163.61775007420496,147.000074386597,194.000005722046,202.000141143799,217.000007629395,998.999834060669,851.9997596740719,-1.6740818354193254,40.8374053442583,-83.4294416283591,-32.984025881903804,3.219716566755725,22.994689361715576,89.8500113910125,173.2794530193716,1.0,438.91694573578866,291.8416582883371,16.1245154965971,238.14701130760477,369.92026167810815,569.2562421574762,2049.179591934294,2033.055076437697,99634.14668202403,0.8552631578947368,17.0,22.320451660904197,195.0,256.0287102280187,217.27692041641637,86.11109266320554,147.000074386597,192.999839782715,200.000047683716,210.999965667725,998.999834060669,851.9997596740719
Anon13,1,6,2017-04-12T14:31:23.287000+00:00,400.35462495040895,focused,0,47.592,238.0,5.000840477391158,1366.390756302521,437.9320131594038,180.0,1082.25,1335.5,1666.25,2642.0,2462.0,694.2983193277311,186.73166182141452,291.0,576.25,669.0,807.0,1506.0,1215.0,271.6932727509188,276.68198453159465,159.000158309937,190.999984741211,202.4999856948855,213.99998664856,1611.00006103516,1451.999902725223,4.648321408650544,38.89319656993831,-87.0961811349037,-19.6318026881108,2.41631932820884,28.306265088086427,89.5692127829914,176.6653939178951,1.0,458.015254316761,292.9373671533834,18.027756377319946,238.76766950322232,386.01683901094265,617.3435024360425,1635.1455592698774,1617.1178028925574,108549.61527307236,0.8991596638655462,11.0,13.867876954109935,214.0,269.7932425617751,212.0140167040246,105.75869086653255,159.000158309937,190.250039100647,200.000047683716,212.000131607056,1611.00006103516,1451.999902725223
Anon13,1,7,2017-04-12T14:32:24.439000+00:00,461.5050678893738,focused,0,61.152,306.0,5.0039246467817895,1298.013071895425,496.8827466127327,-1653.0,997.0,1311.5,1598.5,2501.0,4154.0,613.2058823529412,228.0410898461249,36.0,458.25,604.5,764.75,1246.0,1210.0,234.04901869156782,159.44845774152208,154.000043869019,191.999912261963,200.999975204468,211.999893188477,1203.9999961853,1049.999952316281,10.201927778816646,39.96464610712996,-88.4587813562761,-12.583338590766925,12.132299022678549,34.20571246006297,88.5075195815525,176.9663009378286,1.0,506.64076954552246,396.47746858218454,26.1725046566048,258.5207922005501,420.18686319303225,634.8322613100252,3252.15743776343,3225.9849331068253,154525.43471138435,0.9215686274509803,15.0,14.717425431711145,282.0,276.68759811616957,207.04609874292476,68.88330217920587,154.000043869019,190.999984741211,200.000047683716,210.000038146973,1203.9999961853,1049.999952316281
Anon13,2,8,2017-04-12T14:37:20.732000+00:00,33.962564118255614,focused,0,34.372,171.0,4.974979634586291,1052.8245614035088,365.04509644381346,-272.0,857.0,1073.0,1226.0,2011.0,2283.0,736.8011695906433,301.1254643197581,-9.0,537.0,764.0,957.5,1637.0,1646.0,261.57309716207936,212.95095794688814,0.0,190.000057220459,203.000068664551,214.499950408936,1197.99995422363,1197.99995422363,1.4738676290766044,44.56431120188232,-88.6677801461304,-32.997964748429396,3.85896239719314,32.304092485339396,88.9520233539935,177.6198035001239,1.0,430.27074519325225,295.4747385563798,26.627053911388696,232.4853093304286,376.0856957061595,530.0441304979026,1697.0223923095416,1670.395338398153,73146.02668285288,0.8888888888888888,9.0,15.710462003956708,152.0,265.3322471779355,211.8618409884604,96.0184990116295,0.0,189.750075340271,201.99990272522,210.000038146973,1197.99995422363,1197.99995422363
Anon13,2,9,2017-04-12T14:38:24.699000+00:00,97.90681395231628,focused,0,63.967,320.0,5.0025794550315,899.359375,362.72341249857226,-248.0,678.75,897.0,1145.5,1829.0,2077.0,666.309375,280.0280140666453,-15.0,436.25,684.0,851.0,1443.0,1458.0,296.16249948740017,252.20567912382455,158.999919891357,190.999984741211,202.500104904175,220.250010490417,1422.9998588562,1263.999938964843,4.379283734211895,45.59320849214103,-88.5217273433111,-29.11520739875585,6.24542210910487,39.001782795196846,87.5736641683977,176.09539151170878,1.0,439.01442492415254,273.6803662285365,5.830951894845301,239.10452955618223,393.3954753171419,576.1417649112663,1469.7921621780408,1463.9612102831954,140045.60155080465,0.84375,22.0,20.63564025200494,270.0,253.25558491096973,224.14074120698157,123.94225576077775,158.999919891357,189.99987840652474,200.000047683716,213.75000476837198,1422.9998588562,1263.999938964843
Anon13,2,10,2017-04-12T14:39:09.619000+00:00,142.8380998664856,focused,0,44.92,225.0,5.008904719501335,861.5066666666667,405.59146517428394,-201.0,554.0,880.0,1209.0,1731.0,1932.0,677.8711111111111,252.67775931870426,-101.0,510.0,691.0,831.0,1247.0,1348.0,276.76888042026087,222.7196697261258,154.999971389771,191.999912261963,202.999830245972,217.999935150146,1204.99992370605,1049.999952316279,-3.744755470443877,44.29590625557915,-88.213371500905,-32.535067157935,-1.82715036702406,24.3982846089165,90.0,178.213371500905,1.0,461.3538334818558,291.0712007448086,17.0,245.26699398885248,400.9350663631709,650.3938090428796,1516.5018958115418,1499.5018958115418,103343.2586999357,0.8711111111111111,12.0,16.028495102404275,197.0,263.13446126447013,218.67512688418944,107.74642819372858,154.999971389771,190.000057220459,200.999975204468,212.000131607056,1204.99992370605,1049.999952316279
Anon13,2,11,2017-04-12T14:40:03.407000+00:00,196.63620303623964,focused,0,53.788,269.0,5.001115490443966,865.1710037174721,417.3769129771713,-247.0,595.0,920.0,1185.0,1714.0,1961.0,696.6208178438661,248.42330556687608,-163.0,551.0,724.0,851.0,1351.0,1514.0,251.3420041165831,160.0984532726557,153.999805450439,192.000150680542,202.000141143799,215.999841690063,1011.99984550476,858.000040054321,3.897622410447461,41.715150959184946,-85.8961245273631,-20.7583242715464,2.24120116881247,34.7682433181727,88.678024340463,174.5741488678261,1.0,419.25108232785317,277.19731395243707,49.040799340956916,213.70987326284876,349.8644107979284,545.9413847308176,1498.280681314419,1449.2398819734622,112359.29006386465,0.8884758364312267,14.0,15.616866215512754,240.0,267.7177065516472,213.2458339134853,79.77756279311853,153.999805450439,190.999984741211,200.000047683716,209.25009250640898,1011.99984550476,858.000040054321
Anon13,2,12,2017-04-12T14:40:54.573000+00:00,247.80271697711183,focused,0,51.166,255.0,4.983778290270883,824.4078431372549,410.1809432591854,-237.0,518.5,837.0,1090.5,1985.0,2222.0,592.1098039215686,239.52023063673616,-30.0,419.0,585.0,764.0,1214.0,1244.0,223.49803494472138,79.57064919982626,158.999919891357,192.000150680542,201.99990272522,215.999960899353,581.000089645386,422.000169754029,-0.19049665980965452,43.48036224635219,-89.7177570637291,-28.9133153398143,2.83556079606969,31.765560568778504,90.0,179.7177570637291,1.0,426.8593409267989,249.99959195351644,13.892443989449804,244.460237802816,377.609632799839,557.8545285230294,1384.550468563714,1370.6580245742643,108422.27259540692,0.9294117647058824,10.0,11.72653715357855,237.0,277.9189305398116,207.5021075799999,46.79496216377014,158.999919891357,190.999984741211,200.999975204468,211.999893188477,581.000089645386,422.000169754029
Anon13,2,13,2017-04-12T14:41:42.434000+00:00,295.64611207820127,focused,0,47.861,240.0,5.014521217692903,850.7083333333334,382.8000761022506,-369.0,656.0,892.5,1100.75,1760.0,2129.0,689.0333333333333,212.07268539085575,-30.0,557.75,721.5,850.5,1105.0,1135.0,272.3083416620891,204.57625880842113,151.000022888184,192.999839782715,202.99994945526151,214.999914169312,1186.00010871887,1035.000085830686,1.7085914123732622,39.227657957809946,-88.0748162916769,-28.108552712288375,2.24599147053969,25.561162297057898,85.9821264905625,174.0569427822394,1.0,391.12758573901414,268.6562454162694,21.93171219946131,200.3910306935781,318.30802691732424,509.3159322381181,1711.9512259407393,1690.019513741278,93479.49299162439,0.8458333333333333,20.0,25.072606088464514,203.0,254.4869517979148,217.61576647828966,99.58224173225491,151.000022888184,190.999984741211,201.99990272522,210.000038146973,1186.00010871887,1035.000085830686
Anon13,2,14,2017-04-12T14:42:49.270000+00:00,362.4849379713898,focused,0,66.836,334.0,4.997306840624813,943.748502994012,347.63224285185925,-81.0,718.0,955.0,1184.5,1772.0,1853.0,688.1347305389221,223.82755697379082,113.0,527.75,704.5,848.0,1340.0,1227.0,270.04490997976893,161.00254294552855,148.999929428101,191.00004434585574,204.999923706055,219.749867916107,812.999963760376,664.0000343322749,-0.9477588968962919,41.1403495743995,-89.622562906988,-28.8426601354121,-1.77660763409681,25.539072094547176,88.8982938847936,178.5208567917816,1.0,410.22343368086746,260.9658404744085,21.540659228538015,214.11445537375565,346.6554485364394,543.5264482985166,1327.7940352328744,1306.2533760043364,136604.40341572886,0.8263473053892215,30.0,26.93159375187025,276.0,247.7706625172063,220.8369547042295,91.84126891909045,148.999929428101,189.000129699707,200.999975204468,212.000131607056,812.999963760376,664.0000343322749
